year,km_driven,fuel,seller_type,transmission,owner,mileage,engine,max_power,seats,selling_price
2010,168000,Diesel,Individual,Manual,First Owner,14.0,2498.0,112.0,7.0,598598.84
2017,25000,Diesel,Individual,Manual,First Owner,21.5,1497.0,108.5,5.0,993808.51
2007,218463,Petrol,Individual,Automatic,First Owner,12.9,1799.0,130.0,5.0,1075773.43
2015,173000,Diesel,Individual,Manual,First Owner,25.1,1498.0,98.6,5.0,705211.51
2011,70000,Petrol,Individual,Manual,Second Owner,16.5,1172.0,65.0,5.0,9955.1
2019,12584,Diesel,Dealer,Manual,First Owner,16.55,2498.0,105.0,6.0,1276362.91
2011,35000,Petrol,Individual,Manual,First Owner,18.0,995.0,62.0,5.0,54344.22
2012,70000,Petrol,Individual,Manual,Second Owner,18.5,1197.0,85.8,5.0,332012.48
2011,72000,Petrol,Individual,Manual,Second Owner,19.7,796.0,46.3,5.0,-223917.81
2016,58000,Diesel,Individual,Manual,First Owner,19.67,1582.0,126.2,5.0,1138201.53
2018,49000,Diesel,Individual,Automatic,First Owner,22.0,1582.0,126.2,5.0,1699401.58
2019,20000,Petrol,Dealer,Automatic,First Owner,22.37,2487.0,214.56,5.0,3160233.13
2017,24500,Diesel,Dealer,Manual,First Owner,25.8,1498.0,98.6,5.0,1174541.76
2009,110000,Petrol,Individual,Manual,First Owner,20.36,1197.0,78.9,5.0,177321.01
2019,9500,Petrol,Individual,Manual,First Owner,18.16,1196.0,86.8,5.0,676128.58
2017,17000,Petrol,Individual,Automatic,First Owner,9.5,3604.0,280.0,5.0,3617295.12
2014,25000,Petrol,Individual,Manual,First Owner,16.02,1373.0,93.7,7.0,500368.44
2012,185000,Diesel,Individual,Manual,Second Owner,19.4,1405.0,70.0,5.0,109008.51
2014,62200,Petrol,Dealer,Manual,First Owner,17.0,1197.0,80.0,5.0,613735.15
2011,35000,Petrol,Individual,Manual,First Owner,16.36,1495.0,93.7,5.0,480822.28
2011,70000,Diesel,Individual,Manual,Second Owner,22.9,1248.0,74.0,5.0,264507.66
2010,180000,Petrol,Individual,Manual,Second Owner,19.0,998.0,67.1,5.0,-87553.71
2015,74000,Diesel,Individual,Manual,First Owner,19.67,1582.0,126.2,5.0,1089908.97
2015,20000,Petrol,Individual,Automatic,First Owner,21.9,624.0,37.48,4.0,399247.4
2017,40000,Diesel,Individual,Manual,First Owner,28.4,1248.0,74.02,5.0,605226.57
2015,100581,Diesel,Dealer,Manual,First Owner,25.83,1498.0,99.0,5.0,1041189.13
2017,40000,Diesel,Individual,Manual,Second Owner,22.0,1582.0,126.2,5.0,1169792.63
2015,140000,Diesel,Individual,Manual,First Owner,16.0,2179.0,140.0,7.0,1138233.97
2014,60000,Diesel,Individual,Manual,First Owner,24.0,1120.0,70.0,5.0,370997.93
2016,80000,Diesel,Individual,Manual,Third Owner,21.19,1396.0,88.73,5.0,635766.54
2019,5000,Diesel,Individual,Manual,First Owner,17.3,1497.0,121.0,7.0,1112033.23
2017,50000,Diesel,Individual,Automatic,First Owner,19.6,1461.0,108.45,5.0,1401075.81
2012,138000,Diesel,Individual,Manual,Second Owner,12.8,2494.0,102.0,8.0,468432.43
2013,60000,Petrol,Individual,Manual,Second Owner,14.09,1596.0,99.6,5.0,532122.2
2012,150000,Diesel,Individual,Manual,First Owner,,,,,325039.82
2013,120000,Petrol,Individual,Manual,Second Owner,18.0,1198.0,86.7,5.0,322518.29
2019,25000,Petrol,Individual,Automatic,Fourth & Above Owner,20.3,1086.0,68.0,5.0,902180.98
2012,90000,Diesel,Individual,Manual,First Owner,22.3,1248.0,74.0,5.0,318013.36
2013,37000,Petrol,Dealer,Manual,First Owner,13.7,1399.0,98.79,7.0,747073.11
2016,11000,Petrol,Dealer,Automatic,First Owner,14.3,1598.0,103.5,5.0,1487895.58
2012,100000,Diesel,Individual,Manual,Third Owner,19.3,1248.0,73.9,5.0,260845.17
2014,45000,Diesel,Individual,Manual,First Owner,19.09,1405.0,69.01,5.0,339630.94
2011,60000,Petrol,Individual,Manual,Second Owner,20.36,1197.0,78.9,5.0,244170.97
2014,76000,Diesel,Individual,Manual,Third Owner,24.0,1120.0,70.0,5.0,345843.84
2017,110000,CNG,Individual,Manual,First Owner,26.6,998.0,58.16,5.0,329602.03
2012,135000,Diesel,Individual,Manual,First Owner,15.96,2523.0,62.1,7.0,92749.67
2011,160000,Diesel,Individual,Manual,Third Owner,20.86,1199.0,75.0,5.0,198749.97
2010,94000,Petrol,Individual,Manual,Second Owner,20.36,1197.0,78.9,5.0,178655.06
2019,5500,Petrol,Individual,Manual,First Owner,15.37,1196.0,73.0,7.0,398418.63
2019,5000,Petrol,Individual,Manual,First Owner,19.5,1199.0,88.76,5.0,721741.94
2014,62000,Petrol,Individual,Manual,First Owner,21.1,814.0,55.2,5.0,62547.85
2010,80000,Petrol,Individual,Manual,Fourth & Above Owner,17.0,1197.0,80.0,5.0,216002.7
2019,30000,Diesel,Individual,Manual,First Owner,28.4,1248.0,74.02,5.0,680760.97
2014,90000,Diesel,Individual,Manual,First Owner,20.77,1248.0,88.8,7.0,478598.03
2012,88000,Petrol,Individual,Manual,First Owner,17.5,1298.0,85.8,5.0,358973.76
2018,20000,Petrol,Individual,Manual,First Owner,23.01,999.0,67.0,5.0,423975.7
2012,40000,Petrol,Individual,Manual,First Owner,18.5,1197.0,85.8,5.0,407676.56
2012,190000,Diesel,Individual,Manual,Third Owner,,,,,276921.28
2012,120000,Petrol,Individual,Manual,First Owner,18.5,1197.0,82.85,5.0,293910.04
2011,120000,Diesel,Individual,Manual,First Owner,19.4,1405.0,70.0,5.0,185179.47
2017,25538,Petrol,Trustmark Dealer,Manual,First Owner,16.78,1496.0,88.73,5.0,530769.64
2019,7500,Diesel,Dealer,Automatic,First Owner,16.78,1995.0,190.0,5.0,2804676.92
2017,25000,Petrol,Individual,Manual,First Owner,22.7,799.0,53.64,5.0,195287.2
2013,70000,Petrol,Individual,Manual,First Owner,18.5,1197.0,82.85,5.0,374735.58
2015,90000,Diesel,Individual,Manual,First Owner,21.19,1396.0,88.73,5.0,603059.54
2018,60000,Diesel,Individual,Manual,First Owner,22.1,1396.0,88.7,5.0,741405.13
2008,90000,Petrol,Individual,Manual,First Owner,,,,,194433.34
2014,48000,Diesel,Individual,Manual,First Owner,21.7,1498.0,98.96,5.0,755017.59
2015,40000,Petrol,Individual,Manual,Second Owner,16.02,1373.0,93.7,7.0,472040.08
2018,20000,Petrol,Individual,Manual,First Owner,21.4,1197.0,83.1,5.0,625924.08
2014,23000,Petrol,Individual,Manual,Second Owner,20.36,1197.0,78.9,5.0,378523.3
2002,184000,Petrol,Individual,Manual,Second Owner,,,,,-140366.89
2014,110000,Diesel,Individual,Manual,First Owner,22.54,1396.0,88.73,5.0,567361.67
2019,9400,Petrol,Dealer,Manual,First Owner,18.6,1197.0,81.83,5.0,871722.86
2006,120000,Diesel,Individual,Manual,Second Owner,14.0,2523.0,83.0,7.0,102086.47
2018,2000,Diesel,Dealer,Automatic,First Owner,16.8,1984.0,150.0,5.0,2271521.48
2013,60000,Petrol,Individual,Manual,Second Owner,22.74,796.0,47.3,5.0,-96873.17
2016,56494,Petrol,Trustmark Dealer,Manual,First Owner,18.2,1199.0,88.7,5.0,457447.53
2016,120000,Diesel,Individual,Manual,Second Owner,24.4,1120.0,71.0,5.0,350076.37
2015,110000,Diesel,Individual,Manual,First Owner,14.1,2179.0,147.94,7.0,1244001.1
2015,50000,Diesel,Individual,Manual,First Owner,15.96,2523.0,62.1,7.0,273030.9
2015,48000,Petrol,Dealer,Manual,First Owner,24.7,796.0,47.3,5.0,304132.61
2017,18300,Petrol,Individual,Manual,First Owner,17.8,1497.0,117.3,5.0,1010149.08
2017,120000,Petrol,Individual,Automatic,First Owner,21.21,1197.0,81.8,5.0,936822.54
2016,110000,Diesel,Individual,Manual,First Owner,19.67,1582.0,126.2,5.0,1088445.23
2017,25000,Petrol,Individual,Manual,First Owner,18.6,1197.0,81.83,5.0,538073.4
2014,105000,Diesel,Dealer,Manual,First Owner,21.7,1498.0,98.96,5.0,953233.72
2012,98000,Diesel,Individual,Manual,First Owner,25.44,936.0,57.6,5.0,112637.66
2018,35000,Diesel,Individual,Manual,First Owner,22.71,1461.0,84.8,5.0,729586.32
2018,60000,Diesel,Individual,Automatic,First Owner,15.04,2755.0,174.5,7.0,2249152.15
2007,70000,Petrol,Individual,Manual,First Owner,19.7,796.0,46.3,5.0,-306977.34
2016,80000,Diesel,Individual,Manual,First Owner,24.3,1248.0,88.5,5.0,666780.39
2012,163720,Diesel,Dealer,Manual,First Owner,18.5,1399.0,68.0,5.0,392346.81
2017,40000,Petrol,Individual,Manual,Second Owner,20.3,1199.0,84.0,5.0,525005.32
2017,62960,Diesel,Dealer,Manual,First Owner,25.83,1498.0,99.0,5.0,1143152.73
2019,4337,Petrol,Dealer,Automatic,First Owner,18.9,1197.0,82.0,5.0,1340640.71
2015,53000,Diesel,Individual,Manual,First Owner,24.0,1120.0,70.0,5.0,410678.83
2015,80000,Diesel,Individual,Manual,Second Owner,15.4,2179.0,120.0,7.0,889059.99
2015,120000,Diesel,Individual,Manual,First Owner,13.0,2494.0,142.0,7.0,1175397.8
2014,65000,Diesel,Dealer,Manual,First Owner,19.09,1405.0,69.01,5.0,573250.6
2013,60000,Petrol,Individual,Manual,First Owner,21.1,814.0,55.2,5.0,31478.62
2013,100000,Diesel,Individual,Manual,First Owner,22.3,1248.0,88.8,5.0,528150.4
2018,75000,Diesel,Individual,Automatic,First Owner,21.5,1498.0,108.5,5.0,1437320.99
2016,68089,Petrol,Trustmark Dealer,Automatic,First Owner,19.16,2494.0,157.7,5.0,1907245.55
2004,113000,Petrol,Individual,Manual,Second Owner,19.7,796.0,46.3,5.0,-494029.3
2014,50000,Petrol,Individual,Manual,First Owner,20.4,1197.0,81.8,5.0,436720.94
2017,60000,Diesel,Individual,Manual,First Owner,28.4,1248.0,74.02,5.0,586089.53
2014,80000,Petrol,Individual,Manual,Third Owner,16.02,1373.0,93.7,7.0,437897.13
2009,125876,Petrol,Individual,Manual,Second Owner,15.0,1586.0,104.68,5.0,411388.11
2019,5000,Petrol,Individual,Automatic,First Owner,21.4,1197.0,83.1,5.0,1131538.96
2015,110000,Diesel,Individual,Manual,Second Owner,19.1,1405.0,70.0,5.0,276071.86
2013,120000,Diesel,Individual,Manual,First Owner,23.59,1364.0,67.06,5.0,261210.47
2017,110000,Diesel,Individual,Manual,Second Owner,28.4,1248.0,74.02,5.0,491288.42
2017,140000,Diesel,Individual,Manual,First Owner,14.07,2956.0,69.01,7.0,357327.21
2005,90000,Petrol,Individual,Manual,Second Owner,17.3,993.0,60.0,5.0,-277072.69
2007,70000,Petrol,Individual,Manual,Third Owner,15.9,1298.0,85.0,5.0,171881.6
1995,70000,Petrol,Individual,Manual,First Owner,16.1,796.0,37.0,4.0,-827151.28
2017,60000,Diesel,Individual,Automatic,Second Owner,17.01,1582.0,126.2,5.0,1548233.78
2006,120000,Diesel,Individual,Manual,First Owner,,,,,155847.75
2013,100000,Diesel,Individual,Manual,Second Owner,23.4,1248.0,74.0,5.0,307850.24
2017,100000,Diesel,Individual,Manual,Second Owner,16.5,1493.0,70.0,7.0,254668.31
2017,31000,Diesel,Individual,Manual,First Owner,25.4,1186.0,73.97,5.0,570949.31
2017,26000,Petrol,Individual,Automatic,First Owner,18.0,1497.0,117.3,5.0,1463493.4
2013,80000,Petrol,Individual,Manual,Second Owner,15.1,1196.0,73.0,5.0,152484.7
2011,90000,Petrol,Individual,Manual,Third Owner,17.0,1197.0,80.0,5.0,225584.7
2018,20000,Petrol,Individual,Manual,First Owner,18.6,1197.0,81.83,5.0,575840.59
2018,10000,Petrol,Individual,Manual,First Owner,22.7,799.0,53.64,5.0,242622.92
2012,80000,Petrol,Individual,Manual,First Owner,22.74,796.0,47.3,5.0,-102034.62
2008,100000,Diesel,Individual,Manual,Second Owner,11.5,1991.0,147.9,7.0,926118.55
2010,148000,Diesel,Individual,Manual,Second Owner,19.09,1396.0,69.0,5.0,61221.97
2009,90000,Petrol,Individual,Manual,Second Owner,0.0,1086.0,62.0,5.0,-321707.62
2016,50000,Petrol,Individual,Manual,First Owner,20.4,1197.0,81.8,5.0,502686.81
2013,90000,Diesel,Individual,Manual,Second Owner,19.4,1405.0,70.0,5.0,232892.38
2012,215000,Diesel,Individual,Manual,First Owner,12.05,2179.0,120.0,7.0,667143.53
2017,25000,Petrol,Individual,Manual,First Owner,21.63,998.0,67.0,5.0,369328.48
2012,87000,Diesel,Individual,Manual,First Owner,20.77,1248.0,88.76,7.0,414998.06
2012,120000,Diesel,Individual,Manual,Second Owner,21.03,1461.0,65.0,5.0,133156.77
2017,70000,Diesel,Individual,Manual,First Owner,24.52,1248.0,88.5,7.0,638515.93
2011,90000,Diesel,Individual,Manual,Fourth & Above Owner,19.3,1248.0,73.9,5.0,251263.17
2017,60000,Diesel,Individual,Manual,Second Owner,16.5,1493.0,70.0,7.0,292942.38
2011,175000,Petrol,Individual,Manual,Second Owner,19.7,796.0,46.3,5.0,-322473.56
2012,40000,Diesel,Individual,Manual,First Owner,22.3,1248.0,74.0,5.0,365855.96
2019,5621,Petrol,Trustmark Dealer,Automatic,First Owner,22.0,1197.0,81.8,5.0,1022339.56
2019,40000,Petrol,Individual,Manual,First Owner,21.21,1197.0,81.8,5.0,621057.41
2012,30000,Petrol,Individual,Manual,First Owner,17.5,1298.0,85.8,5.0,414471.17
2011,160000,Diesel,Individual,Manual,Second Owner,,,,,235529.84
2018,39000,Diesel,Dealer,Manual,First Owner,28.4,1248.0,74.0,5.0,891670.73
2017,80000,Petrol,Individual,Manual,Second Owner,20.63,1198.0,67.0,5.0,276173.87
2019,20000,Diesel,Individual,Automatic,First Owner,18.0,1969.0,190.0,5.0,2552382.91
2005,53563,Petrol,Dealer,Manual,Second Owner,,,,,336147.51
2013,50000,Petrol,Individual,Manual,First Owner,22.74,796.0,47.3,5.0,-40346.13
2018,70000,Petrol,Individual,Manual,First Owner,17.0,1198.0,108.5,5.0,845106.95
2019,6000,Petrol,Individual,Manual,First Owner,19.0,1194.0,94.68,5.0,788926.99
2004,60000,Petrol,Individual,Manual,Second Owner,19.7,796.0,46.3,5.0,-443316.15
2014,120000,Diesel,Individual,Manual,First Owner,15.1,2179.0,140.0,7.0,1113440.0
2011,181000,Diesel,Individual,Manual,Second Owner,11.5,2982.0,171.0,7.0,1331140.67
2009,100000,Diesel,Individual,Manual,Second Owner,17.8,1248.0,75.0,5.0,120413.54
2014,50000,Petrol,Individual,Manual,Third Owner,21.1,814.0,55.2,5.0,64185.62
2017,63982,Diesel,Dealer,Manual,First Owner,22.7,1498.0,89.84,5.0,988533.7
2011,120000,Diesel,Individual,Manual,Second Owner,19.3,1248.0,73.9,5.0,171611.13
2012,48000,CNG,Individual,Manual,First Owner,13.2,1495.0,93.7,5.0,555603.43
2016,39000,Diesel,Dealer,Manual,First Owner,19.67,1582.0,126.2,5.0,1409138.42
2011,90000,Diesel,Individual,Manual,Second Owner,19.3,1248.0,73.9,5.0,200316.69
2003,90000,Petrol,Individual,Manual,Second Owner,13.2,1495.0,94.0,5.0,82718.43
2007,147500,Diesel,Individual,Manual,Second Owner,12.8,2494.0,102.0,7.0,331173.71
2008,60000,Diesel,Individual,Manual,Second Owner,12.8,1995.0,52.0,5.0,-155841.61
2016,90000,Diesel,Individual,Manual,First Owner,19.09,1405.0,69.01,5.0,362538.48
2017,80000,Petrol,Individual,Manual,First Owner,18.16,1196.0,86.8,5.0,542704.65
2004,150000,Diesel,Individual,Manual,Second Owner,13.6,2523.0,63.0,7.0,-249778.65
2017,25000,Diesel,Individual,Manual,First Owner,26.59,1248.0,74.0,5.0,597309.23
2004,93415,Diesel,Dealer,Manual,First Owner,13.1,2499.0,141.0,7.0,1079845.03
2019,15000,Diesel,Individual,Manual,Second Owner,28.4,1248.0,74.0,5.0,647902.9
2010,106000,Petrol,Individual,Manual,Third Owner,20.36,1197.0,78.9,5.0,204286.9
2013,70000,Diesel,Individual,Manual,Second Owner,22.07,1199.0,73.9,5.0,314559.49
2015,90000,Petrol,Individual,Manual,First Owner,18.6,1197.0,81.83,5.0,409912.15
2016,71000,Diesel,Individual,Manual,First Owner,18.49,1493.0,100.0,7.0,699091.8
2006,100000,Petrol,Individual,Manual,Second Owner,17.7,1497.0,78.0,5.0,25162.74
2017,31000,Petrol,Individual,Manual,Second Owner,21.1,814.0,55.2,5.0,144200.55
2017,30000,Petrol,Individual,Manual,First Owner,18.6,1197.0,81.83,5.0,533289.14
2006,93000,Petrol,Individual,Manual,Second Owner,16.1,1197.0,85.0,5.0,72819.29
2017,60000,Diesel,Individual,Manual,First Owner,14.1,2179.0,147.94,7.0,1357809.57
2017,90000,Diesel,Individual,Manual,First Owner,24.3,1248.0,88.5,5.0,690194.8
2017,9000,Diesel,Dealer,Automatic,First Owner,13.6,1999.0,177.0,5.0,2534951.37
2015,75000,Diesel,Individual,Manual,First Owner,14.07,2956.0,69.01,7.0,353556.72
2010,120000,Petrol,Individual,Manual,Third Owner,15.6,1196.0,70.0,5.0,20608.96
2012,50000,Diesel,Individual,Manual,First Owner,15.96,2523.0,62.1,7.0,174082.09
2013,300000,Diesel,Individual,Manual,First Owner,14.0,2498.0,112.0,8.0,534497.14
2017,20000,Petrol,Individual,Manual,Second Owner,21.1,814.0,55.2,5.0,154725.92
2010,70000,Petrol,Individual,Manual,Second Owner,19.81,1086.0,68.05,5.0,47720.77
2010,86017,Diesel,Dealer,Manual,Second Owner,25.5,1498.0,99.23,5.0,842138.99
2008,70000,Petrol,Individual,Manual,Second Owner,19.7,796.0,46.3,5.0,-320952.92
2017,28000,Petrol,Individual,Manual,Second Owner,23.84,1199.0,84.0,5.0,579549.96
2010,120000,Diesel,Individual,Manual,First Owner,21.1,1248.0,73.9,5.0,207482.86
2018,15000,Petrol,Dealer,Manual,First Owner,22.0,1197.0,81.8,5.0,874362.44
2015,150546,Petrol,Dealer,Manual,First Owner,22.0,1197.0,81.8,5.0,645716.17
2019,20000,CNG,Individual,Manual,First Owner,32.26,998.0,58.3,4.0,589048.13
2016,82000,Petrol,Individual,Manual,Third Owner,18.5,1197.0,85.8,5.0,489576.07
2005,120000,Diesel,Individual,Manual,First Owner,12.8,2494.0,102.0,8.0,301733.73
2019,40000,Diesel,Individual,Manual,First Owner,25.6,1498.0,97.9,5.0,961655.36
2014,50000,Diesel,Individual,Manual,First Owner,13.58,2499.0,72.4,9.0,265321.71
2019,5621,Petrol,Trustmark Dealer,Automatic,First Owner,22.0,1197.0,81.8,5.0,1022339.56
2019,8500,Diesel,Dealer,Automatic,First Owner,16.78,1995.0,190.0,5.0,2803720.06
2013,32000,Petrol,Individual,Manual,First Owner,16.8,1497.0,116.3,5.0,840327.55
2012,111000,Petrol,Individual,Manual,First Owner,19.7,796.0,46.3,5.0,-181293.58
2014,132000,Diesel,Dealer,Manual,Second Owner,22.7,1498.0,89.84,5.0,777543.22
2013,46000,Petrol,Individual,Manual,First Owner,18.2,1199.0,84.8,5.0,418838.59
2014,50000,Petrol,Individual,Manual,First Owner,18.6,1197.0,85.8,5.0,465290.37
2011,375000,Diesel,Individual,Manual,First Owner,12.8,2494.0,102.0,8.0,255634.1
2012,80000,Diesel,Individual,Manual,Second Owner,,,,,345060.94
2017,56290,Diesel,Dealer,Manual,First Owner,24.0,1186.0,73.97,5.0,782476.88
2017,25000,Petrol,Individual,Manual,Second Owner,24.7,796.0,47.3,5.0,92390.87
2017,45000,Diesel,Dealer,Automatic,First Owner,19.33,1999.0,177.0,5.0,2570207.42
2018,12000,Diesel,Dealer,Manual,First Owner,16.55,2498.0,105.0,6.0,1243938.77
2016,100000,Diesel,Individual,Manual,First Owner,27.28,1047.0,69.0,5.0,419185.7
2012,35000,Diesel,Individual,Manual,Second Owner,23.03,1396.0,69.0,5.0,283240.34
2006,264000,Diesel,Individual,Manual,First Owner,12.8,2494.0,102.0,8.0,196929.98
2012,80000,Diesel,Individual,Manual,Second Owner,22.32,1582.0,126.32,5.0,972010.48
2018,13000,Petrol,Individual,Manual,First Owner,20.4,1194.0,94.93,5.0,769430.53
2018,44000,Petrol,Individual,Manual,First Owner,15.37,1196.0,73.0,7.0,328596.89
2013,70000,Petrol,Individual,Manual,Second Owner,18.6,1199.0,79.4,5.0,285652.91
2010,55000,Petrol,Individual,Manual,Second Owner,19.81,1086.0,68.05,5.0,62073.55
2018,75000,Diesel,Individual,Automatic,First Owner,21.5,1498.0,108.5,5.0,1437320.99
2014,60000,Petrol,Individual,Manual,Second Owner,20.92,998.0,67.1,5.0,182556.16
2016,70000,Diesel,Individual,Manual,First Owner,25.2,1248.0,74.0,5.0,504359.27
2014,46000,Petrol,Individual,Manual,Second Owner,19.1,1197.0,81.86,5.0,378532.93
2014,90000,Diesel,Individual,Manual,Second Owner,26.21,1248.0,88.5,5.0,567521.71
2011,43500,Petrol,Individual,Manual,Second Owner,18.06,1198.0,75.0,5.0,182869.66
2015,90000,Diesel,Individual,Manual,First Owner,22.77,1498.0,98.59,5.0,756160.72
2011,46000,Petrol,Individual,Manual,First Owner,20.92,998.0,67.1,5.0,143961.8
2014,25000,Petrol,Individual,Manual,First Owner,22.74,796.0,47.3,5.0,16558.11
2017,50000,Diesel,Individual,Manual,First Owner,24.52,1248.0,88.5,7.0,657652.97
2018,30000,Diesel,Individual,Manual,First Owner,24.0,1186.0,73.97,5.0,587858.76
2012,120000,Diesel,Individual,Manual,Second Owner,13.5,2179.0,115.0,5.0,739134.64
2014,90000,Diesel,Individual,Manual,First Owner,22.9,1248.0,74.0,5.0,391277.95
2016,52000,Diesel,Individual,Manual,First Owner,23.65,1248.0,88.5,5.0,685665.3
2017,56290,Diesel,Dealer,Manual,First Owner,24.0,1186.0,73.97,5.0,782476.88
2008,120000,Diesel,Individual,Manual,Fourth & Above Owner,17.88,1396.0,52.8,5.0,-146110.22
2011,93500,Petrol,Dealer,Manual,Third Owner,17.0,1497.0,118.0,5.0,982308.29
2016,68089,Petrol,Trustmark Dealer,Automatic,First Owner,19.16,2494.0,157.7,5.0,1907245.55
2017,33000,Petrol,Dealer,Automatic,Second Owner,14.7,1798.0,177.5,5.0,2409943.46
2009,60000,Diesel,Individual,Manual,Second Owner,17.88,1396.0,52.8,5.0,-106662.64
2018,30000,Petrol,Individual,Manual,First Owner,25.17,799.0,53.3,5.0,249242.68
2013,70000,Diesel,Individual,Manual,First Owner,25.8,1498.0,98.6,5.0,746316.56
2017,25000,Petrol,Individual,Manual,First Owner,17.0,1497.0,121.31,5.0,1044598.3
2018,17601,Diesel,Dealer,Automatic,First Owner,16.25,1968.0,148.0,7.0,2149690.62
2019,14000,Petrol,Individual,Automatic,First Owner,23.95,998.0,67.05,5.0,932951.41
2015,50000,Petrol,Individual,Manual,First Owner,22.74,796.0,47.3,5.0,25619.75
2009,110000,Petrol,Individual,Manual,Second Owner,20.36,1197.0,78.9,5.0,130362.49
2013,60000,Diesel,Individual,Manual,First Owner,20.77,1248.0,88.8,7.0,474320.65
2013,79328,Diesel,Trustmark Dealer,Manual,Second Owner,12.99,2494.0,100.6,7.0,479447.55
2009,217000,Diesel,Individual,Manual,Fourth & Above Owner,12.8,2494.0,102.0,8.0,344838.8
2014,106000,Diesel,Individual,Manual,First Owner,22.32,1582.0,126.32,5.0,1060056.72
2017,70000,Diesel,Individual,Manual,First Owner,28.4,1248.0,74.02,5.0,576521.01
2015,110000,Diesel,Individual,Manual,First Owner,14.1,2179.0,147.94,7.0,1244001.1
2010,190000,Diesel,Individual,Manual,Third Owner,16.2,1493.0,110.0,5.0,549283.62
2014,50000,Diesel,Individual,Manual,Second Owner,14.0,2523.0,75.0,9.0,258506.34
2009,90000,Diesel,Individual,Manual,Second Owner,13.93,2179.0,138.1,7.0,892068.71
2014,86000,Diesel,Individual,Manual,Second Owner,14.0,2179.0,138.1,7.0,1061662.33
2016,30000,Petrol,Individual,Manual,First Owner,25.17,799.0,53.3,5.0,183276.81
2019,9200,Petrol,Individual,Automatic,First Owner,23.84,1199.0,83.83,5.0,1166597.55
2015,92651,Diesel,Dealer,Manual,First Owner,21.7,1498.0,98.96,5.0,998032.82
2017,30000,Diesel,Individual,Manual,First Owner,25.83,1498.0,99.0,5.0,921933.88
2011,80000,Diesel,Individual,Manual,First Owner,22.32,1582.0,126.32,5.0,985986.06
2019,10000,Petrol,Individual,Manual,First Owner,18.6,1197.0,81.86,5.0,618770.54
2006,59000,Petrol,Individual,Manual,Second Owner,16.1,796.0,37.0,4.0,-500772.12
2009,125000,Petrol,Individual,Manual,Second Owner,13.5,1799.0,130.0,5.0,733230.58
2011,100000,Diesel,Individual,Manual,Second Owner,13.6,2523.0,63.0,7.0,28944.51
2018,50000,Petrol,Individual,Manual,First Owner,23.84,1199.0,84.0,5.0,638440.67
2017,15000,Petrol,Individual,Manual,Second Owner,21.1,814.0,55.2,5.0,159510.18
2017,45000,Diesel,Dealer,Automatic,First Owner,19.33,1999.0,177.0,5.0,2570207.42
2017,45000,Diesel,Dealer,Automatic,First Owner,19.33,1999.0,177.0,5.0,2570207.42
2011,43000,Petrol,Dealer,Automatic,First Owner,13.4,1997.0,135.1,5.0,1717189.18
2016,70000,Diesel,Individual,Manual,Second Owner,24.52,1248.0,88.5,7.0,558574.47
2016,30000,Petrol,Individual,Manual,Third Owner,23.01,999.0,67.0,5.0,338596.85
2018,27620,Diesel,Dealer,Manual,First Owner,22.77,1498.0,98.59,5.0,1167554.65
2017,31596,Petrol,Dealer,Manual,First Owner,17.0,1497.0,121.36,5.0,1291674.41
2017,20000,Petrol,Individual,Automatic,First Owner,18.0,1497.0,117.6,5.0,1473019.43
2012,60000,Diesel,Individual,Manual,Second Owner,15.1,2179.0,140.0,7.0,1057926.73
2015,52000,Diesel,Individual,Manual,First Owner,19.09,1405.0,69.01,5.0,365915.92
2015,80000,Diesel,Individual,Manual,First Owner,22.54,1396.0,88.73,5.0,629050.16
2013,189000,Diesel,Individual,Manual,First Owner,21.02,1248.0,88.76,5.0,426915.33
2012,110000,Diesel,Individual,Manual,Second Owner,19.01,1461.0,108.45,5.0,666335.25
2018,8576,Petrol,Dealer,Manual,First Owner,18.7,1199.0,88.7,5.0,927605.39
2016,56494,Petrol,Trustmark Dealer,Manual,First Owner,18.2,1199.0,88.7,5.0,457447.53
2008,93331,Petrol,Individual,Manual,Second Owner,19.81,1086.0,68.05,5.0,-40569.42
2008,30000,Petrol,Individual,Manual,Second Owner,19.81,1086.0,68.05,5.0,20028.97
2017,60000,Diesel,Individual,Manual,First Owner,16.5,1493.0,70.0,7.0,339900.9
2010,44500,Petrol,Dealer,Manual,First Owner,16.47,1198.0,74.0,5.0,416687.09
2011,291000,Diesel,Individual,Manual,Second Owner,12.8,2494.0,102.0,7.0,325797.2
2016,56494,Petrol,Trustmark Dealer,Manual,First Owner,18.2,1199.0,88.7,5.0,457447.53
2019,5621,Petrol,Trustmark Dealer,Automatic,First Owner,22.0,1197.0,81.8,5.0,1022339.56
2014,60000,Petrol,Individual,Manual,Second Owner,18.9,1197.0,82.0,5.0,364470.39
2017,100000,Diesel,Individual,Manual,First Owner,23.65,1248.0,88.5,5.0,672719.34
2013,120000,Diesel,Individual,Manual,First Owner,19.09,1396.0,69.0,5.0,233921.16
2016,30000,Diesel,Individual,Manual,First Owner,27.3,1498.0,98.6,5.0,901786.23
2003,68300,Petrol,Individual,Manual,Third Owner,,,,,40437.88
2012,56000,Diesel,Individual,Manual,Second Owner,22.9,1248.0,74.0,5.0,310886.52
2014,46100,Petrol,Dealer,Manual,First Owner,16.02,1373.0,93.7,7.0,732935.56
2011,140000,Diesel,Individual,Manual,Second Owner,11.57,2179.0,138.1,7.0,881483.71
2017,45000,Diesel,Dealer,Automatic,First Owner,19.33,1999.0,177.0,5.0,2570207.42
2015,56975,Diesel,Individual,Manual,First Owner,16.0,2179.0,140.0,7.0,1217676.61
2013,56000,Diesel,Dealer,Automatic,First Owner,11.2,2993.0,241.0,4.0,3265466.51
2015,75000,Diesel,Dealer,Manual,First Owner,19.87,1461.0,83.8,5.0,797956.48
2009,80000,Petrol,Individual,Manual,First Owner,16.1,796.0,37.0,4.0,-374958.68
2017,70000,Diesel,Individual,Manual,Second Owner,15.96,2523.0,62.1,7.0,272901.22
2016,35000,Diesel,Individual,Manual,First Owner,20.45,1461.0,83.8,5.0,623512.23
2019,14000,Diesel,Individual,Manual,First Owner,16.5,1493.0,70.0,7.0,449881.97
2004,70000,Petrol,Individual,Manual,Second Owner,18.9,998.0,67.1,5.0,-181414.07
2014,90000,Diesel,Individual,Manual,First Owner,23.4,1248.0,74.0,5.0,397360.21
2015,40000,Petrol,Individual,Manual,First Owner,20.51,998.0,67.04,5.0,275890.22
2016,29000,Petrol,Individual,Manual,First Owner,18.6,1197.0,81.83,5.0,501263.05
2014,65204,Petrol,Trustmark Dealer,Automatic,First Owner,23.1,998.0,67.04,5.0,609073.47
2019,20000,Petrol,Individual,Automatic,First Owner,17.4,1497.0,117.6,5.0,1531686.58
2012,60000,Petrol,Individual,Manual,First Owner,19.4,1198.0,86.8,5.0,412196.96
2015,20000,Petrol,Individual,Manual,Second Owner,15.8,1499.0,110.0,5.0,779355.27
2013,50000,Petrol,Individual,Manual,Second Owner,21.1,814.0,55.2,5.0,-5911.38
2012,80000,Diesel,Individual,Manual,Fourth & Above Owner,19.09,1396.0,69.0,5.0,243200.26
2018,70000,Diesel,Individual,Manual,First Owner,20.65,1248.0,88.7,5.0,700437.54
2015,50000,Diesel,Individual,Manual,First Owner,26.59,1248.0,74.0,5.0,507422.06
2017,70000,Diesel,Individual,Manual,Second Owner,24.4,1120.0,71.0,5.0,430901.91
2017,42000,Petrol,Individual,Manual,First Owner,23.84,1199.0,84.0,5.0,613112.55
2016,40000,Petrol,Dealer,Automatic,First Owner,14.8,1591.0,121.3,5.0,1690150.1
2016,20000,Petrol,Individual,Manual,First Owner,20.4,1197.0,81.8,5.0,531392.37
2008,40000,Petrol,Individual,Manual,Fourth & Above Owner,12.85,1396.0,99.6,5.0,403611.74
2016,63000,Diesel,Dealer,Manual,First Owner,15.3,2956.0,83.8,9.0,778845.29
2011,120000,Diesel,Individual,Manual,Second Owner,14.0,2523.0,75.0,8.0,129323.95
2016,99000,Diesel,Dealer,Automatic,First Owner,21.66,1498.0,103.52,5.0,1540264.05
2015,248000,Diesel,Individual,Manual,First Owner,24.8,1396.0,88.7,5.0,495412.37
2017,45000,Diesel,Individual,Manual,First Owner,23.0,1498.0,98.96,5.0,872650.84
2015,40000,Diesel,Individual,Manual,First Owner,24.52,1248.0,88.5,7.0,601255.61
1999,60000,Petrol,Individual,Manual,Fourth & Above Owner,17.3,993.0,60.0,5.0,-395318.27
2019,5621,Petrol,Trustmark Dealer,Automatic,First Owner,22.0,1197.0,81.8,5.0,1022339.56
2011,50000,Petrol,Individual,Manual,Third Owner,20.92,998.0,67.1,5.0,130289.93
2008,40000,Diesel,Individual,Manual,First Owner,16.8,1405.0,62.0,5.0,30219.9
2007,60000,Petrol,Individual,Manual,Third Owner,14.7,1150.0,76.0,5.0,39544.64
2015,70000,Diesel,Individual,Manual,Second Owner,27.39,1248.0,74.0,5.0,451058.12
2015,35000,Petrol,Individual,Manual,First Owner,18.6,1197.0,81.83,5.0,462539.0
2013,25000,Diesel,Individual,Automatic,First Owner,14.84,2143.0,170.0,5.0,2075111.15
2007,110000,Petrol,Individual,Manual,Second Owner,19.7,796.0,46.3,5.0,-392209.94
2011,97343,Diesel,Dealer,Manual,First Owner,18.8,1248.0,90.0,5.0,690047.42
2011,80000,Diesel,Individual,Manual,Third Owner,15.1,2179.0,140.0,7.0,1042920.81
2012,70000,Diesel,Individual,Manual,First Owner,23.2,1248.0,73.94,5.0,347341.49
2012,27000,Petrol,Individual,Manual,First Owner,20.36,1197.0,78.9,5.0,355688.54
2016,32000,Petrol,Individual,Manual,First Owner,20.4,1197.0,81.8,5.0,519910.15
2011,80000,Diesel,Individual,Manual,Second Owner,13.5,2179.0,115.0,5.0,744425.78
2012,86000,Diesel,Individual,Manual,First Owner,21.12,1248.0,88.8,5.0,494209.25
2018,25000,Petrol,Individual,Manual,First Owner,20.3,1086.0,68.0,5.0,406930.92
2006,100000,Petrol,Individual,Manual,Second Owner,14.0,1061.0,64.0,5.0,-237013.23
2014,29340,Diesel,Individual,Manual,First Owner,22.32,1582.0,126.32,5.0,1133408.99
2015,50000,Petrol,Individual,Manual,Second Owner,22.74,796.0,47.3,5.0,-21338.77
2017,45000,Diesel,Individual,Manual,First Owner,17.6,2179.0,153.86,7.0,1489427.24
2017,47747,Diesel,Dealer,Manual,First Owner,28.09,1248.0,88.5,5.0,1029484.91
2019,15000,Diesel,Individual,Manual,First Owner,22.95,1248.0,74.0,5.0,628564.76
2009,170000,Diesel,Individual,Manual,Second Owner,13.6,2523.0,63.0,7.0,-104001.0
2011,100000,Diesel,Individual,Manual,Second Owner,13.6,2523.0,63.0,7.0,28944.51
2009,90000,Diesel,Individual,Manual,Second Owner,18.1,1493.0,110.0,5.0,597984.41
2013,120000,Petrol,Individual,Manual,First Owner,15.64,1193.0,64.1,5.0,55173.16
2014,76000,Diesel,Dealer,Manual,First Owner,22.54,1396.0,88.73,5.0,852651.33
2017,33019,Diesel,Dealer,Manual,First Owner,13.68,2393.0,147.8,7.0,1649404.65
2015,110000,Diesel,Individual,Manual,Second Owner,18.49,1493.0,100.0,7.0,581833.12
2017,3564,Petrol,Individual,Manual,First Owner,23.95,998.0,67.05,5.0,418692.08
2016,49900,Petrol,Dealer,Manual,First Owner,16.3,1797.0,147.5,5.0,1590347.54
2011,120000,Diesel,Individual,Manual,Second Owner,10.5,2835.0,116.9,6.0,717875.75
2019,7000,Petrol,Individual,Manual,First Owner,21.63,998.0,67.0,5.0,452517.69
2017,23000,Diesel,Dealer,Automatic,First Owner,17.9,2143.0,136.0,5.0,2069979.36
2016,70000,Petrol,Individual,Manual,Second Owner,19.44,1198.0,67.0,7.0,164791.56
2016,66693,Petrol,Dealer,Manual,First Owner,25.17,799.0,53.3,5.0,400923.73
2018,20000,Petrol,Individual,Manual,First Owner,24.7,796.0,47.3,5.0,177116.58
2012,120000,Diesel,Individual,Manual,First Owner,15.96,2523.0,62.1,7.0,107102.45
2018,38817,Diesel,Dealer,Manual,First Owner,27.39,1248.0,74.0,5.0,879559.66
2012,120000,LPG,Individual,Manual,First Owner,21.1,814.0,55.2,5.0,171390.28
2006,120000,Diesel,Individual,Manual,Third Owner,10.5,2179.0,120.0,8.0,494701.31
2011,110000,Petrol,Individual,Manual,First Owner,17.6,1496.0,88.73,5.0,361531.9
2018,15000,Petrol,Individual,Manual,First Owner,21.1,998.0,100.5,5.0,828081.92
2015,136000,Diesel,Individual,Manual,First Owner,19.01,1461.0,108.45,5.0,787364.43
2011,103000,Diesel,Individual,Manual,Third Owner,20.0,1399.0,68.0,5.0,173109.56
2015,26000,Petrol,Individual,Manual,First Owner,20.73,1373.0,91.1,5.0,630378.92
2014,72000,Diesel,Dealer,Manual,First Owner,26.0,1498.0,98.6,5.0,1032575.39
2018,7800,Petrol,Individual,Manual,First Owner,20.3,1086.0,68.0,5.0,423388.77
2016,22000,Petrol,Individual,Manual,First Owner,17.8,1497.0,117.3,5.0,973625.8
2017,40000,Diesel,Individual,Manual,First Owner,22.54,1396.0,88.73,5.0,733290.12
2000,56194,Petrol,Individual,Manual,Fourth & Above Owner,16.1,796.0,37.0,4.0,-645038.34
2009,54000,Petrol,Individual,Manual,First Owner,19.7,796.0,46.3,5.0,-225701.83
2015,101500,Diesel,Individual,Manual,Second Owner,21.14,1498.0,103.52,5.0,740569.05
2018,2000,Diesel,Dealer,Automatic,First Owner,16.8,1984.0,150.0,5.0,2271521.48
2015,55000,Diesel,Dealer,Manual,First Owner,24.4,1120.0,71.0,5.0,679004.03
2019,20000,Petrol,Dealer,Automatic,First Owner,22.37,2487.0,214.56,5.0,3160233.13
2015,110000,Diesel,Individual,Manual,First Owner,16.0,2179.0,140.0,7.0,1166939.53
2011,110000,Diesel,Individual,Manual,Second Owner,12.05,2179.0,120.0,8.0,650925.47
2017,52236,Diesel,Dealer,Manual,First Owner,15.4,2179.0,120.0,7.0,1281307.11
2015,38000,Petrol,Individual,Automatic,Second Owner,23.95,998.0,67.05,5.0,731096.7
2014,126000,Diesel,Individual,Manual,First Owner,12.05,2179.0,120.0,7.0,818269.22
2015,110000,Diesel,Individual,Manual,First Owner,14.1,2179.0,147.94,7.0,1244001.1
2012,100000,Diesel,Individual,Manual,Second Owner,23.4,1248.0,74.0,5.0,274867.3
2002,120000,Diesel,Individual,Manual,First Owner,14.07,2956.0,83.1,7.0,59485.18
2007,80000,Petrol,Individual,Manual,Second Owner,18.2,1061.0,64.0,5.0,-133802.25
2016,11000,Petrol,Dealer,Automatic,First Owner,14.3,1598.0,103.5,5.0,1487895.58
2015,60000,Petrol,Individual,Manual,First Owner,23.1,998.0,67.04,5.0,288259.3
2014,70000,Diesel,Individual,Manual,First Owner,25.2,1248.0,74.0,5.0,438393.4
2019,10000,Diesel,Individual,Automatic,First Owner,21.5,1497.0,108.5,5.0,1532406.33
2011,120000,Diesel,Individual,Manual,First Owner,23.03,1396.0,69.0,5.0,215883.51
2016,50000,Diesel,Individual,Manual,First Owner,24.52,1248.0,88.5,7.0,624670.03
1999,80000,Petrol,Individual,Manual,Third Owner,16.1,796.0,37.0,4.0,-714632.51
2014,43381,Petrol,Dealer,Manual,Second Owner,22.74,796.0,47.3,5.0,204768.39
2016,40000,Diesel,Individual,Manual,First Owner,24.8,1396.0,88.7,5.0,727420.51
2010,50000,Petrol,Individual,Manual,Third Owner,26.0,624.0,35.0,4.0,-243910.58
2019,3500,Petrol,Dealer,Automatic,First Owner,18.15,998.0,118.35,5.0,1772421.8
2010,30000,Petrol,Individual,Manual,First Owner,15.6,1196.0,70.0,5.0,116570.09
2008,152500,Diesel,Individual,Manual,First Owner,17.8,1248.0,75.0,5.0,84154.4
2018,9500,Diesel,Individual,Manual,First Owner,21.5,1497.0,108.5,5.0,1041622.65
2005,49455,Petrol,Individual,Manual,First Owner,19.7,796.0,46.3,5.0,-353284.69
2010,90000,Diesel,Individual,Manual,Second Owner,23.0,1396.0,90.0,5.0,429226.94
2016,100000,Petrol,Individual,Manual,Third Owner,15.37,1196.0,73.0,7.0,199202.85
2003,80000,Petrol,Individual,Manual,Third Owner,14.2,1597.0,92.0,5.0,125816.34
2012,90000,Diesel,Individual,Manual,Third Owner,19.4,1405.0,70.0,5.0,237023.51
2019,16500,Petrol,Dealer,Manual,First Owner,17.0,1197.0,110.0,5.0,1200869.77
2014,120000,Diesel,Individual,Manual,Second Owner,23.4,1248.0,74.0,5.0,321696.14
2014,65000,Diesel,Individual,Manual,Second Owner,15.96,2523.0,62.1,7.0,178736.66
2017,25000,Diesel,Individual,Manual,First Owner,24.3,1248.0,88.5,5.0,752390.18
2010,155000,Petrol,Individual,Manual,Second Owner,15.5,1586.0,103.3,5.0,405175.33
2012,129627,Diesel,Dealer,Manual,First Owner,11.5,2982.0,171.0,7.0,1712995.18
2012,120000,Diesel,Individual,Manual,Second Owner,20.54,1598.0,103.6,5.0,626926.71
2012,54000,Diesel,Individual,Manual,First Owner,20.0,1399.0,68.0,5.0,262822.7
2005,100000,Petrol,Individual,Manual,Fourth & Above Owner,19.7,796.0,46.3,5.0,-397660.81
2014,120000,Diesel,Individual,Manual,First Owner,22.3,1248.0,74.0,5.0,355273.68
2007,120000,Diesel,Individual,Manual,Third Owner,17.2,1396.0,53.5,5.0,-192365.97
2015,173000,Diesel,Individual,Manual,First Owner,16.0,2179.0,140.0,7.0,1106657.86
2011,80000,Diesel,Individual,Manual,Second Owner,12.05,2179.0,120.0,9.0,642884.97
2013,57000,Petrol,Individual,Manual,Second Owner,20.51,998.0,67.04,5.0,146699.34
2015,40000,Petrol,Individual,Manual,First Owner,20.51,998.0,67.04,5.0,275890.22
2019,60000,Petrol,Individual,Manual,First Owner,20.14,1197.0,81.86,5.0,589661.31
2016,56494,Petrol,Trustmark Dealer,Manual,First Owner,18.2,1199.0,88.7,5.0,457447.53
2017,42000,Petrol,Individual,Manual,First Owner,23.84,1199.0,84.0,5.0,613112.55
2006,42500,Petrol,Individual,Manual,First Owner,19.7,796.0,46.3,5.0,-313646.85
2017,46000,Petrol,Individual,Manual,First Owner,21.4,1197.0,83.1,5.0,568062.99
2014,60000,Petrol,Individual,Manual,Second Owner,19.4,1198.0,86.8,5.0,431204.32
2011,100000,Diesel,Individual,Manual,First Owner,18.3,1991.0,147.9,5.0,1228236.76
2013,75010,Diesel,Dealer,Automatic,First Owner,13.73,1995.0,148.0,5.0,1975191.89
2013,110000,Diesel,Individual,Manual,Second Owner,13.7,2179.0,138.1,7.0,1002065.58
2017,60000,Diesel,Individual,Manual,First Owner,21.38,1396.0,88.7,5.0,699663.74
2019,20000,Diesel,Individual,Automatic,First Owner,18.0,1969.0,190.0,5.0,2552382.91
2011,120000,Diesel,Individual,Manual,Fourth & Above Owner,13.6,2523.0,63.0,7.0,60753.95
2020,5000,Petrol,Individual,Manual,First Owner,22.05,796.0,47.3,5.0,225199.25
2012,80000,Petrol,Individual,Manual,Second Owner,21.1,814.0,55.2,5.0,-67599.88
2008,100000,Petrol,Individual,Manual,Third Owner,17.3,1061.0,64.0,5.0,-93790.36
2013,35000,Diesel,Individual,Automatic,Second Owner,17.68,1968.0,174.33,5.0,2091489.47
2016,54000,Diesel,Individual,Manual,Second Owner,24.52,1248.0,88.5,7.0,573884.1
2017,120000,Diesel,Individual,Manual,First Owner,18.49,1493.0,100.0,7.0,685189.0
2010,35000,Petrol,Individual,Automatic,Second Owner,10.93,2497.0,204.0,5.0,2277857.19
2017,8000,Petrol,Individual,Manual,First Owner,21.1,814.0,55.2,5.0,213166.67
2016,80000,Diesel,Individual,Manual,First Owner,26.0,1498.0,98.6,5.0,838129.75
2019,15000,Petrol,Individual,Manual,First Owner,17.0,1591.0,121.3,5.0,1128746.31
2011,70000,Petrol,Individual,Manual,First Owner,16.36,1495.0,93.7,5.0,447332.46
2012,116000,Petrol,Individual,Manual,First Owner,15.0,1598.0,103.5,5.0,552973.68
2014,40000,Petrol,Individual,Manual,First Owner,19.0,998.0,66.1,5.0,212679.44
2012,120000,Diesel,Individual,Manual,Third Owner,19.09,1396.0,69.0,5.0,191093.76
2017,41000,Diesel,Dealer,Manual,First Owner,20.5,1582.0,126.2,5.0,1450304.21
2016,49900,Petrol,Dealer,Manual,First Owner,16.3,1797.0,147.5,5.0,1590347.54
2015,80000,Diesel,Individual,Manual,First Owner,26.59,1248.0,74.0,5.0,478716.5
2019,10000,Petrol,Individual,Manual,First Owner,19.0,1194.0,94.68,5.0,785099.59
2017,32331,Diesel,Individual,Manual,Second Owner,22.54,1396.0,88.73,5.0,693669.69
2013,79328,Diesel,Trustmark Dealer,Manual,Second Owner,12.99,2494.0,100.6,7.0,479447.55
2014,26000,Petrol,Individual,Automatic,First Owner,19.34,1198.0,76.0,5.0,831988.05
2017,60000,Diesel,Individual,Manual,Second Owner,16.55,2498.0,105.0,6.0,865311.73
2019,7500,Petrol,Individual,Automatic,First Owner,21.21,1197.0,81.8,5.0,1110434.26
2015,170000,Diesel,Individual,Manual,First Owner,12.99,2494.0,100.6,7.0,605114.86
2014,100000,Petrol,Individual,Manual,First Owner,19.81,1086.0,68.05,5.0,197905.48
2015,50000,Diesel,Individual,Manual,First Owner,12.99,2494.0,100.6,8.0,683191.04
2015,126000,Diesel,Individual,Manual,First Owner,21.19,1396.0,88.73,5.0,568612.87
2009,214000,Petrol,Individual,Manual,Second Owner,13.9,1599.0,103.2,5.0,296221.94
2014,110000,Diesel,Individual,Manual,Second Owner,26.0,1498.0,98.6,5.0,696499.8
2009,56000,Petrol,Dealer,Manual,Second Owner,,,,,465747.41
2009,70000,Petrol,Individual,Manual,Third Owner,19.7,796.0,46.3,5.0,-250855.92
2018,35000,Petrol,Individual,Manual,First Owner,20.3,1199.0,84.0,5.0,609731.03
2018,5000,Petrol,Individual,Manual,First Owner,22.0,1197.0,81.8,5.0,631174.26
2005,140000,Petrol,Individual,Manual,Second Owner,18.9,998.0,67.1,5.0,-215410.77
2003,120000,Diesel,Individual,Manual,Second Owner,10.5,2179.0,120.0,7.0,395384.49
2017,55000,Petrol,Individual,Manual,First Owner,20.85,1197.0,83.14,5.0,553265.49
2009,105000,Petrol,Individual,Automatic,Second Owner,12.9,1799.0,130.0,5.0,1203348.07
2016,20000,Petrol,Individual,Manual,First Owner,20.4,1197.0,81.8,5.0,531392.37
2012,120000,Diesel,Individual,Manual,Second Owner,19.0,1405.0,71.0,5.0,178954.47
2013,44500,Diesel,Individual,Manual,Second Owner,20.46,1461.0,83.8,5.0,468636.45
2017,32000,Diesel,Dealer,Manual,First Owner,24.3,1248.0,88.5,5.0,998448.91
2015,110000,Diesel,Individual,Manual,First Owner,21.64,1461.0,84.8,5.0,545857.57
2017,20000,Diesel,Individual,Manual,First Owner,14.1,2179.0,147.94,7.0,1396083.65
2018,17000,Diesel,Individual,Manual,First Owner,23.0,1498.0,98.96,5.0,932425.63
2016,49600,Diesel,Individual,Manual,Second Owner,25.32,1198.0,77.0,6.0,474834.58
2016,13500,Petrol,Individual,Manual,First Owner,18.9,1197.0,82.0,5.0,521888.4
2016,46000,Diesel,Dealer,Automatic,First Owner,18.25,1968.0,187.74,5.0,2655747.74
2011,90000,Diesel,Individual,Manual,Second Owner,20.0,1399.0,68.0,5.0,148434.58
2014,139000,Diesel,Individual,Automatic,First Owner,11.79,2179.0,120.0,8.0,1224200.48
2017,77524,Diesel,Dealer,Manual,First Owner,22.7,1498.0,89.84,5.0,975576.01
2013,37500,Diesel,Individual,Manual,Second Owner,20.77,1248.0,88.8,7.0,448891.3
2015,40000,Petrol,Dealer,Manual,First Owner,18.9,1197.0,82.0,5.0,716305.58
2013,120000,Diesel,Individual,Manual,First Owner,21.64,1461.0,84.8,5.0,470323.18
2018,22000,Diesel,Individual,Manual,First Owner,21.03,1461.0,65.0,5.0,471784.4
2010,70000,Petrol,Individual,Manual,Third Owner,14.7,1150.0,76.0,5.0,128924.93
2016,60000,Petrol,Individual,Manual,Second Owner,20.85,1197.0,83.14,5.0,468539.78
2014,78000,Diesel,Dealer,Manual,Second Owner,15.05,2179.0,147.9,7.0,1458487.24
2012,31000,Petrol,Individual,Manual,First Owner,18.9,998.0,67.1,5.0,166725.17
2015,72000,Diesel,Individual,Manual,First Owner,22.54,1396.0,88.73,5.0,636704.98
2017,90000,Petrol,Individual,Manual,First Owner,15.37,1196.0,73.0,5.0,325090.87
2017,68000,Petrol,Individual,Manual,Second Owner,23.84,1199.0,84.0,5.0,541275.88
2011,172000,Diesel,Individual,Manual,Second Owner,17.88,1396.0,52.8,5.0,-147864.19
2017,36000,Diesel,Dealer,Manual,First Owner,13.68,2393.0,147.8,8.0,1609806.22
2015,91000,Diesel,Individual,Manual,Third Owner,24.4,1120.0,71.0,5.0,381956.2
2017,65000,Petrol,Individual,Manual,Second Owner,20.51,998.0,67.04,5.0,270976.27
2013,20000,Petrol,Individual,Manual,First Owner,21.1,814.0,55.2,5.0,69752.69
2011,28100,Petrol,Individual,Manual,First Owner,,,,,352611.28
2017,7000,Petrol,Dealer,Automatic,Second Owner,14.53,1794.0,138.1,5.0,1935295.84
2013,212000,Diesel,Individual,Manual,First Owner,21.64,1461.0,84.8,5.0,382292.8
2010,80000,Petrol,Individual,Manual,Fourth & Above Owner,19.7,796.0,46.3,5.0,-213609.09
1999,65000,Petrol,Individual,Manual,Fourth & Above Owner,15.9,1298.0,85.0,5.0,-73365.22
2016,80000,Petrol,Individual,Manual,Second Owner,18.9,1197.0,82.0,5.0,411299.23
2012,50000,Petrol,Individual,Manual,First Owner,20.92,998.0,67.1,5.0,173117.33
2019,7500,Diesel,Dealer,Automatic,First Owner,16.78,1995.0,190.0,5.0,2804676.92
2018,30000,Diesel,Individual,Manual,First Owner,25.5,1498.0,98.6,5.0,945855.96
2016,80000,Diesel,Individual,Automatic,First Owner,10.91,3198.0,197.0,7.0,2438867.16
2015,60000,Petrol,Individual,Manual,First Owner,25.4,624.0,37.48,4.0,-54730.01
2018,60000,Petrol,Individual,Manual,First Owner,18.15,1198.0,82.0,6.0,497584.19
2017,37000,Diesel,Dealer,Automatic,First Owner,13.5,2987.0,254.79,5.0,3580233.0
2018,35000,Petrol,Individual,Manual,First Owner,20.3,1199.0,84.0,5.0,609731.03
2016,30000,Diesel,Individual,Manual,First Owner,24.0,1120.0,70.0,5.0,465669.36
2018,44000,Diesel,Individual,Automatic,First Owner,17.01,1582.0,126.2,5.0,1643484.87
2011,105000,Diesel,Individual,Manual,Second Owner,21.9,1396.0,90.0,5.0,434476.12
2016,42163,Diesel,Dealer,Automatic,Second Owner,11.36,2755.0,171.5,7.0,2323437.19
2007,73257,Petrol,Individual,Manual,First Owner,16.1,796.0,37.0,4.0,-434472.5
2009,70000,Petrol,Individual,Manual,Fourth & Above Owner,19.7,796.0,46.3,5.0,-237023.5
2017,50000,Diesel,Individual,Manual,First Owner,27.3,1498.0,98.6,5.0,915632.13
2017,40000,Petrol,Individual,Automatic,First Owner,19.0,1199.0,88.7,5.0,1073726.17
2016,65000,Petrol,Individual,Manual,Second Owner,22.74,796.0,47.3,5.0,-2708.62
2016,120000,Diesel,Individual,Manual,Third Owner,26.59,1248.0,74.0,5.0,463580.91
2016,53000,Diesel,Dealer,Manual,First Owner,22.54,1396.0,88.73,5.0,940624.8
2016,56494,Petrol,Trustmark Dealer,Manual,First Owner,18.2,1199.0,88.7,5.0,457447.53
2010,48000,Petrol,Individual,Manual,First Owner,15.8,1172.0,65.0,5.0,36466.26
2013,120000,Petrol,Individual,Manual,First Owner,18.5,1197.0,82.85,5.0,326892.98
2013,58343,Petrol,Trustmark Dealer,Manual,First Owner,21.79,998.0,67.05,5.0,108566.97
2008,80000,LPG,Individual,Manual,Second Owner,17.3,1061.0,57.5,5.0,36531.77
2016,56494,Petrol,Trustmark Dealer,Manual,First Owner,18.2,1199.0,88.7,5.0,457447.53
2011,80000,Diesel,Individual,Manual,Third Owner,11.57,2179.0,138.1,7.0,976008.89
2018,20000,Petrol,Individual,Automatic,First Owner,23.0,999.0,67.0,5.0,882133.22
2013,60000,Petrol,Individual,Manual,Fourth & Above Owner,22.74,796.0,47.3,5.0,-45926.69
2017,40000,Petrol,Individual,Manual,First Owner,16.8,796.0,34.2,8.0,-246616.05
2014,121000,Petrol,Dealer,Manual,First Owner,19.1,1197.0,82.0,5.0,608250.54
1998,110000,Petrol,Individual,Manual,Third Owner,13.1,1598.0,77.0,5.0,-270337.81
2014,100000,Petrol,Individual,Manual,First Owner,23.95,998.0,67.05,5.0,227468.29
2013,100600,Diesel,Individual,Manual,Third Owner,20.46,1461.0,83.8,5.0,452071.12
2011,90000,Diesel,Individual,Manual,Second Owner,13.55,2179.0,118.35,7.0,704238.3
2013,70000,Diesel,Individual,Manual,Second Owner,21.9,1396.0,88.76,5.0,518287.49
2011,100000,Petrol,Individual,Manual,Second Owner,15.37,1196.0,73.0,7.0,-2825.89
2017,30000,Petrol,Individual,Automatic,Second Owner,23.1,998.0,67.04,5.0,794251.38
2013,68000,Diesel,Individual,Manual,First Owner,22.1,1248.0,76.9,5.0,406201.68
2010,83585,Diesel,Dealer,Manual,First Owner,21.43,1364.0,87.2,5.0,677680.91
2015,87847,Diesel,Dealer,Manual,First Owner,28.4,1248.0,74.0,5.0,745982.57
2017,30000,Petrol,Individual,Manual,First Owner,18.6,1197.0,81.83,5.0,533289.14
2019,22000,Petrol,Individual,Manual,First Owner,17.0,1197.0,110.0,5.0,942850.39
2011,93500,Diesel,Individual,Manual,Second Owner,18.6,1388.0,67.0,5.0,114416.12
2018,47000,Petrol,Dealer,Manual,Second Owner,16.02,1373.0,93.7,7.0,817047.62
2017,50000,Diesel,Individual,Manual,First Owner,17.1,1956.0,170.0,5.0,1734947.67
2018,25000,Petrol,Individual,Manual,First Owner,18.6,1197.0,81.83,5.0,571056.33
2012,58400,Diesel,Individual,Manual,Second Owner,19.3,1248.0,73.9,5.0,263536.15
2017,70000,Diesel,Individual,Manual,First Owner,18.49,1493.0,100.0,7.0,733031.59
2017,80000,Diesel,Individual,Manual,First Owner,22.54,1396.0,88.73,5.0,695016.04
2019,15000,Diesel,Individual,Manual,First Owner,25.1,1248.0,88.5,5.0,837656.19
2010,56000,Petrol,Individual,Manual,Third Owner,17.92,1086.0,62.1,5.0,172.27
2007,63000,Petrol,Individual,Automatic,Third Owner,18.9,1061.0,67.0,5.0,424221.81
2011,65000,Petrol,Individual,Automatic,Third Owner,12.6,1586.0,103.3,5.0,984391.05
2016,50000,Diesel,Individual,Manual,First Owner,18.49,1493.0,100.0,7.0,719185.69
2010,60000,Petrol,Individual,Manual,First Owner,15.26,1150.0,74.9,5.0,141272.01
2015,160000,Diesel,Individual,Manual,Second Owner,13.5,2477.0,178.0,7.0,1548857.03
2018,25000,Petrol,Individual,Manual,First Owner,23.84,1199.0,84.0,5.0,662361.97
2018,5500,Petrol,Individual,Manual,First Owner,17.4,1497.0,117.6,5.0,1054298.84
2015,39000,Petrol,Dealer,Manual,First Owner,17.4,1497.0,117.3,5.0,1172267.26
2009,140000,Diesel,Individual,Manual,Second Owner,13.8,1399.0,68.0,5.0,-40793.95
2001,70000,Petrol,Individual,Manual,Second Owner,,,,,-64268.71
2017,26000,Petrol,Individual,Automatic,First Owner,19.34,1198.0,76.0,5.0,930936.86
2008,120000,Diesel,Individual,Manual,Fourth & Above Owner,12.7,2609.0,120.0,8.0,641241.41
2007,260000,Diesel,Individual,Manual,Third Owner,12.8,2494.0,102.0,7.0,260641.92
2012,60000,Petrol,Individual,Manual,Third Owner,,,,,345226.19
2012,125000,Diesel,Individual,Manual,Second Owner,21.43,1364.0,87.2,5.0,404303.55
2011,140000,Petrol,Individual,Automatic,Second Owner,14.4,1598.0,103.6,5.0,902309.87
2018,2000,Diesel,Dealer,Automatic,First Owner,16.8,1984.0,150.0,5.0,2271521.48
2015,35000,Petrol,Individual,Manual,First Owner,18.6,1197.0,81.83,5.0,462539.0
2008,95200,Petrol,Individual,Manual,Third Owner,13.2,1495.0,94.0,5.0,279771.54
2017,80000,Diesel,Individual,Manual,First Owner,16.5,1493.0,70.0,7.0,320763.86
2018,2000,Diesel,Dealer,Automatic,First Owner,16.8,1984.0,150.0,5.0,2271521.48
2011,119000,Diesel,Individual,Manual,Second Owner,16.52,1991.0,123.7,5.0,836128.48
2016,110000,Petrol,Individual,Manual,First Owner,21.1,814.0,55.2,5.0,82584.83
2014,25000,Petrol,Individual,Manual,First Owner,21.1,814.0,55.2,5.0,97951.37
2016,11000,Petrol,Dealer,Automatic,First Owner,14.3,1598.0,103.5,5.0,1487895.58
2015,61000,Diesel,Dealer,Manual,Second Owner,22.71,1461.0,84.8,5.0,811557.53
2012,70000,Diesel,Individual,Manual,Second Owner,23.2,1248.0,73.94,5.0,300382.97
2014,25000,Diesel,Individual,Manual,First Owner,15.4,2179.0,120.0,9.0,882170.32
2015,50000,Petrol,Individual,Manual,Second Owner,20.51,998.0,67.04,5.0,219363.18
2003,36088,Petrol,Individual,Manual,First Owner,16.1,796.0,37.0,4.0,-530839.02
2013,110000,Diesel,Individual,Manual,Second Owner,21.27,1396.0,88.76,5.0,472349.76
2018,38817,Diesel,Dealer,Manual,First Owner,27.39,1248.0,74.0,5.0,879559.66
2018,2000,Diesel,Dealer,Automatic,First Owner,16.8,1984.0,150.0,5.0,2271521.48
2015,135000,Diesel,Individual,Manual,First Owner,22.77,1498.0,98.59,5.0,713102.38
2017,113000,Diesel,Individual,Manual,First Owner,25.83,1498.0,99.0,5.0,842515.17
2019,8500,Diesel,Dealer,Automatic,First Owner,16.78,1995.0,190.0,5.0,2803720.06
2012,120000,Petrol,Individual,Manual,First Owner,18.5,1197.0,82.85,5.0,293910.04
2013,120000,Diesel,Individual,Manual,Fourth & Above Owner,22.9,1248.0,74.0,5.0,333577.42
2012,70000,Diesel,Individual,Manual,Second Owner,25.44,936.0,57.6,5.0,92470.99
2013,40000,Petrol,Individual,Manual,First Owner,21.1,814.0,55.2,5.0,50615.66
2015,60000,Diesel,Individual,Manual,First Owner,13.93,2179.0,138.03,7.0,1164747.27
2019,7032,Petrol,Trustmark Dealer,Automatic,First Owner,19.0,1199.0,88.76,5.0,1072491.92
2014,90000,Diesel,Individual,Manual,First Owner,25.0,1396.0,69.0,5.0,367501.99
2008,120000,Diesel,Individual,Manual,Third Owner,14.8,1998.0,68.0,5.0,50331.61
2018,7000,Petrol,Individual,Manual,First Owner,22.5,999.0,67.0,5.0,430210.87
2016,120000,Petrol,Individual,Manual,Second Owner,17.19,1197.0,81.86,5.0,350457.52
2016,120000,Diesel,Individual,Automatic,First Owner,11.36,2755.0,171.5,7.0,2043160.53
2007,38000,Petrol,Individual,Manual,Second Owner,15.3,1193.0,65.3,5.0,-100217.39
2003,120000,Diesel,Individual,Manual,Third Owner,12.7,2609.0,116.6,8.0,419598.57
2013,18000,Diesel,Individual,Manual,First Owner,15.1,2179.0,140.0,7.0,1178055.96
2018,13887,Petrol,Individual,Manual,First Owner,17.0,1591.0,121.3,5.0,1096828.35
2017,28000,Petrol,Individual,Manual,First Owner,25.17,799.0,53.3,5.0,218173.45
2016,40000,Petrol,Individual,Manual,First Owner,16.8,796.0,34.2,5.0,-169360.83
2014,20000,Petrol,Individual,Manual,First Owner,21.1,814.0,55.2,5.0,102735.63
2018,30000,Petrol,Individual,Manual,First Owner,24.7,796.0,47.3,5.0,167548.07
2018,30000,Petrol,Individual,Manual,First Owner,21.4,1197.0,83.1,5.0,616355.56
2014,38000,Diesel,Individual,Manual,First Owner,22.1,1248.0,74.0,5.0,431302.63
2004,60000,Diesel,Individual,Manual,Third Owner,16.1,1405.0,70.0,5.0,-38277.37
2013,40000,Petrol,Individual,Manual,Second Owner,21.1,814.0,55.2,5.0,3657.14
2016,35000,Petrol,Individual,Manual,First Owner,17.0,1198.0,73.75,5.0,374211.22
2010,90000,Diesel,Individual,Manual,First Owner,14.0,1948.0,90.0,9.0,271043.5
2006,40000,Petrol,Individual,Manual,Third Owner,16.1,796.0,37.0,4.0,-445477.87
2015,60000,Diesel,Individual,Manual,First Owner,22.54,1396.0,88.73,5.0,648187.2
2018,59000,Diesel,Individual,Manual,First Owner,24.2,1498.0,93.87,7.0,769125.73
2016,60000,Petrol,Individual,Manual,First Owner,25.17,799.0,53.3,5.0,154571.25
2018,15000,Petrol,Individual,Manual,First Owner,21.21,1197.0,81.8,5.0,611995.77
2016,110000,Diesel,Individual,Manual,Second Owner,18.2,1248.0,73.74,7.0,257202.63
2010,55000,Petrol,Individual,Manual,First Owner,19.0,998.0,67.1,5.0,79011.3
2015,80000,Petrol,Individual,Manual,First Owner,19.49,1198.0,67.04,5.0,243803.61
2010,120000,Diesel,Individual,Manual,Second Owner,11.8,1991.0,150.0,5.0,1076583.28
2017,25538,Petrol,Trustmark Dealer,Manual,First Owner,16.78,1496.0,88.73,5.0,530769.64
2018,50000,Diesel,Individual,Manual,First Owner,23.5,909.0,45.0,8.0,61149.92
2016,80000,Diesel,Individual,Manual,First Owner,23.9,1582.0,126.2,5.0,1168606.73
2016,68089,Petrol,Trustmark Dealer,Automatic,First Owner,19.16,2494.0,157.7,5.0,1907245.55
2006,140000,Diesel,Individual,Manual,Second Owner,12.8,2494.0,102.0,8.0,268621.1
2013,68697,Petrol,Individual,Manual,Third Owner,21.1,814.0,55.2,5.0,13312.42
2011,116500,Diesel,Individual,Manual,First Owner,23.0,1396.0,90.0,5.0,483811.82
2012,40000,Petrol,Individual,Manual,First Owner,18.5,1197.0,85.8,5.0,407676.56
2015,160000,Diesel,Individual,Manual,Second Owner,13.5,2477.0,178.0,7.0,1548857.03
2016,68089,Petrol,Trustmark Dealer,Automatic,First Owner,19.16,2494.0,157.7,5.0,1907245.55
2017,51000,Petrol,Dealer,Automatic,First Owner,19.56,1197.0,81.8,5.0,1235530.56
2010,170000,Diesel,Individual,Manual,Second Owner,17.8,1399.0,68.0,5.0,12141.53
2011,25000,Petrol,Individual,Manual,Second Owner,26.0,624.0,35.0,4.0,-224120.4
2018,28451,Petrol,Dealer,Manual,First Owner,18.6,1197.0,81.83,5.0,820510.93
2017,60000,CNG,Individual,Manual,First Owner,21.94,1196.0,61.7,5.0,383829.3
2014,60000,Diesel,Individual,Manual,Second Owner,12.99,2494.0,100.6,7.0,630427.12
2018,64000,Petrol,Dealer,Manual,First Owner,20.65,1462.0,103.25,5.0,1106314.98
2016,56494,Petrol,Trustmark Dealer,Manual,First Owner,18.2,1199.0,88.7,5.0,457447.53
2017,32000,Diesel,Individual,Manual,First Owner,16.3,1956.0,170.0,5.0,1742439.39
2018,100000,Diesel,Dealer,Automatic,First Owner,12.9,2755.0,174.5,7.0,2437602.69
2018,69779,Petrol,Dealer,Automatic,First Owner,22.0,1197.0,81.8,5.0,1280226.21
2016,16151,Petrol,Dealer,Manual,First Owner,17.8,1497.0,117.3,5.0,1231979.12
2007,74800,Petrol,Individual,Manual,Second Owner,18.2,998.0,67.1,5.0,-95573.31
2016,11000,Petrol,Dealer,Automatic,First Owner,14.3,1598.0,103.5,5.0,1487895.58
2018,65000,Diesel,Individual,Manual,First Owner,23.0,1498.0,98.96,5.0,886496.74
2009,180000,Diesel,Individual,Manual,First Owner,13.6,1991.0,142.0,5.0,954112.74
2013,58343,Petrol,Trustmark Dealer,Manual,First Owner,21.79,998.0,67.05,5.0,108566.97
2017,58559,Diesel,Dealer,Manual,First Owner,25.2,1248.0,74.0,5.0,801046.25
2016,53000,Diesel,Dealer,Manual,First Owner,22.54,1396.0,88.73,5.0,940624.8
2008,120000,Diesel,Individual,Manual,Second Owner,11.57,2179.0,138.1,7.0,801671.94
2017,40000,Petrol,Individual,Manual,First Owner,24.7,796.0,47.3,5.0,124996.61
2017,40000,Diesel,Dealer,Manual,First Owner,18.49,1493.0,100.0,7.0,1014493.85
2012,96000,Diesel,Individual,Manual,Second Owner,20.77,1248.0,88.8,7.0,359932.52
2018,46000,Diesel,Individual,Manual,First Owner,28.4,1248.0,74.0,5.0,632216.07
2017,28832,Diesel,Dealer,Manual,First Owner,23.4,1248.0,74.0,5.0,807594.44
2018,70000,Diesel,Individual,Manual,First Owner,16.5,1493.0,70.0,7.0,363315.32
2019,3100,Petrol,Individual,Automatic,First Owner,18.2,1199.0,88.7,5.0,1165268.26
2004,46000,Petrol,Individual,Manual,Fourth & Above Owner,16.1,796.0,37.0,4.0,-503352.44
2013,68000,Diesel,Individual,Manual,Second Owner,25.44,936.0,57.6,5.0,127367.64
2010,70000,LPG,Individual,Manual,Third Owner,13.45,1086.0,62.1,5.0,162706.63
2017,71000,Diesel,Individual,Manual,First Owner,27.39,1248.0,74.0,5.0,563025.67
2020,2000,Petrol,Dealer,Manual,First Owner,20.7,1197.0,81.86,5.0,937710.49
2016,110000,Diesel,Individual,Manual,First Owner,23.0,1248.0,88.7,5.0,624784.22
2019,40000,Diesel,Individual,Manual,First Owner,24.3,1248.0,88.5,5.0,804003.27
2018,50000,Diesel,Individual,Manual,First Owner,24.3,1248.0,88.5,5.0,761451.82
2009,160000,Petrol,Individual,Manual,Third Owner,17.5,1197.0,85.8,5.0,171896.53
2011,221889,Diesel,Dealer,Manual,First Owner,22.32,1582.0,126.32,5.0,1102975.99
2017,15000,Petrol,Individual,Automatic,First Owner,17.01,1591.0,121.3,5.0,1521181.24
2011,116500,Diesel,Individual,Manual,First Owner,23.0,1396.0,90.0,5.0,483811.82
2019,5000,Petrol,Individual,Manual,First Owner,20.0,999.0,72.0,7.0,424286.06
2017,25000,Petrol,Individual,Manual,First Owner,20.14,1197.0,81.86,5.0,557185.26
2016,70000,Diesel,Individual,Manual,First Owner,24.3,1248.0,88.5,5.0,676348.9
2011,100000,Diesel,Individual,Manual,Second Owner,23.0,1396.0,90.0,5.0,452641.36
2014,48000,Petrol,Individual,Manual,First Owner,23.1,998.0,67.04,5.0,266758.58
2017,5000,Petrol,Individual,Manual,Second Owner,18.15,1198.0,82.0,6.0,470269.59
2006,270000,Diesel,Individual,Manual,Third Owner,12.8,2494.0,102.0,8.0,181344.41
2009,95000,Petrol,Individual,Manual,Second Owner,19.0,998.0,66.1,5.0,-51820.62
2017,60000,Diesel,Individual,Manual,First Owner,24.0,1186.0,73.97,5.0,526170.27
2012,40000,Petrol,Individual,Manual,Second Owner,25.4,624.0,38.0,4.0,-174939.78
2014,70000,CNG,Individual,Manual,Second Owner,21.94,1196.0,61.7,5.0,228353.45
2013,80000,Diesel,Individual,Manual,Second Owner,20.46,1461.0,83.8,5.0,434668.21
2019,9000,Petrol,Dealer,Automatic,First Owner,21.63,998.0,67.04,5.0,1162144.51
2014,70000,Diesel,Individual,Manual,Second Owner,22.54,1396.0,88.73,5.0,558677.23
2014,97000,Diesel,Individual,Manual,First Owner,26.0,1498.0,98.6,5.0,755897.4
2016,100000,Diesel,Individual,Manual,First Owner,25.32,1198.0,77.0,6.0,473567.76
2015,25000,Petrol,Individual,Manual,First Owner,15.85,1499.0,110.4,5.0,827184.32
2014,95000,Diesel,Individual,Manual,Second Owner,14.02,2179.0,118.3,8.0,766743.3
2018,58511,Diesel,Dealer,Manual,First Owner,24.3,1248.0,88.5,5.0,1006064.75
2013,40000,Petrol,Individual,Manual,First Owner,20.51,998.0,67.04,5.0,209924.34
2012,110000,Diesel,Individual,Manual,Third Owner,19.01,1461.0,108.45,5.0,703449.31
2016,72000,Diesel,Individual,Manual,First Owner,15.96,2523.0,63.0,9.0,222825.74
2004,120000,Petrol,Individual,Manual,Third Owner,18.9,998.0,67.1,5.0,-192142.6
2016,70000,Diesel,Individual,Manual,First Owner,24.3,1248.0,88.5,5.0,676348.9
2009,300000,Diesel,Individual,Manual,First Owner,14.0,2498.0,112.0,7.0,439311.45
2015,40000,Diesel,Individual,Manual,First Owner,15.96,2523.0,62.1,7.0,282599.42
2015,110000,Diesel,Individual,Manual,First Owner,14.1,2179.0,147.94,7.0,1244001.1
2012,90000,Diesel,Individual,Manual,First Owner,23.0,1396.0,90.0,5.0,542151.33
2015,30000,Petrol,Individual,Manual,First Owner,20.4,1197.0,81.8,5.0,488840.91
2015,80000,Diesel,Individual,Manual,Second Owner,23.9,1582.0,126.2,5.0,1088665.27
2010,110000,Petrol,Individual,Automatic,Third Owner,16.95,1197.0,78.9,5.0,617257.63
2016,40000,Diesel,Individual,Manual,First Owner,21.19,1396.0,88.73,5.0,683885.07
2014,35000,Petrol,Individual,Manual,First Owner,20.51,998.0,67.04,5.0,247691.54
2012,120000,Petrol,Individual,Manual,First Owner,18.6,1199.0,79.4,5.0,251785.89
2013,69000,Diesel,Dealer,Manual,First Owner,18.6,1388.0,67.0,5.0,503540.09
2011,250000,Diesel,Individual,Manual,Second Owner,12.8,2494.0,102.0,7.0,365028.13
2009,100000,Petrol,Individual,Manual,First Owner,19.7,796.0,46.3,5.0,-269717.02
2012,80000,Diesel,Individual,Manual,Fourth & Above Owner,21.5,1248.0,88.8,5.0,508560.84
2011,110000,Diesel,Individual,Manual,Third Owner,23.08,1461.0,63.1,5.0,147822.54
2017,13000,Petrol,Individual,Manual,First Owner,18.6,1197.0,81.83,5.0,549555.62
2012,128000,Diesel,Individual,Manual,Second Owner,22.32,1582.0,126.32,5.0,926081.59
2018,30000,Petrol,Individual,Manual,First Owner,24.7,796.0,47.3,5.0,167548.07
2018,59736,Diesel,Dealer,Manual,First Owner,18.49,1493.0,100.0,7.0,1028592.35
2009,120000,Diesel,Individual,Manual,First Owner,18.1,1493.0,110.0,5.0,616237.38
2020,15000,Petrol,Individual,Manual,First Owner,22.05,796.0,47.3,5.0,215630.73
2015,60000,Diesel,Dealer,Manual,First Owner,25.47,1248.0,88.5,7.0,846431.57
2011,90400,Diesel,Individual,Manual,First Owner,20.0,1399.0,68.0,5.0,195010.35
2012,145000,Diesel,Individual,Manual,Second Owner,12.99,2494.0,100.0,8.0,438812.94
2018,120000,Petrol,Individual,Manual,First Owner,18.9,1197.0,81.86,5.0,484183.25
2012,74000,Diesel,Individual,Manual,Second Owner,22.07,1199.0,73.9,5.0,277749.15
2011,69000,Diesel,Individual,Manual,Second Owner,20.54,1598.0,103.6,5.0,642743.22
2017,45000,Diesel,Dealer,Automatic,First Owner,19.33,1999.0,177.0,5.0,2570207.42
2018,82000,Diesel,Individual,Manual,First Owner,28.09,1248.0,88.5,5.0,776936.1
2016,50000,Diesel,Individual,Automatic,First Owner,17.45,1493.0,100.0,7.0,1164813.75
2018,18000,Diesel,Individual,Manual,First Owner,21.66,1498.0,108.62,5.0,1037042.67
2013,24019,Diesel,Individual,Manual,First Owner,22.9,1248.0,74.0,5.0,421429.06
2012,162000,Diesel,Individual,Manual,Fourth & Above Owner,12.8,2494.0,102.0,7.0,533160.52
2013,70000,Petrol,Individual,Manual,Second Owner,20.36,1197.0,78.9,5.0,300568.32
2011,167000,Petrol,Individual,Manual,First Owner,,,,,219704.55
2011,265000,Diesel,Individual,Manual,Second Owner,20.86,1199.0,75.0,5.0,61166.45
2018,27000,Diesel,Dealer,Automatic,First Owner,17.05,1995.0,184.0,5.0,2680621.43
2011,50000,Diesel,Individual,Automatic,First Owner,17.05,1995.0,184.0,5.0,2174976.58
2015,80000,Diesel,Individual,Manual,Second Owner,19.09,1405.0,69.01,5.0,292165.54
2019,10000,Petrol,Individual,Manual,First Owner,21.21,1197.0,81.8,5.0,649762.97
2013,120000,Diesel,Individual,Manual,Second Owner,19.09,1405.0,69.01,5.0,187925.59
2014,110000,Diesel,Individual,Manual,First Owner,23.4,1248.0,74.0,5.0,378223.17
2012,30000,LPG,Individual,Manual,First Owner,19.2,1086.0,68.05,5.0,421804.6
2018,90000,Petrol,Individual,Manual,First Owner,17.0,1497.0,121.36,5.0,1016016.68
2016,35000,Diesel,Individual,Manual,Second Owner,27.28,1047.0,69.0,5.0,434422.55
2014,80000,Diesel,Individual,Manual,First Owner,19.01,1461.0,108.45,5.0,807965.2
2017,76139,Diesel,Individual,Manual,First Owner,23.0,1498.0,98.96,5.0,842855.42
2011,40000,Petrol,Individual,Manual,Second Owner,20.92,998.0,67.1,5.0,102744.39
2013,95000,Diesel,Individual,Manual,Second Owner,12.99,2494.0,100.57,7.0,563575.87
2012,80000,Diesel,Individual,Manual,Fourth & Above Owner,15.3,2956.0,83.8,7.0,455370.43
2017,56290,Diesel,Dealer,Manual,First Owner,24.0,1186.0,73.97,5.0,782476.88
2006,170000,Diesel,Individual,Manual,First Owner,13.6,2523.0,63.0,7.0,-155991.29
2016,15000,Petrol,Individual,Manual,First Owner,23.95,998.0,67.05,5.0,374766.58
2018,29000,Petrol,Dealer,Automatic,First Owner,17.4,1197.0,81.86,5.0,1264045.85
2016,140000,Petrol,Individual,Manual,First Owner,15.4,1497.0,117.3,7.0,758030.3
2018,15000,Diesel,Individual,Manual,First Owner,25.5,1498.0,98.6,5.0,960208.74
2015,45000,Petrol,Individual,Manual,First Owner,17.19,1197.0,81.86,5.0,436196.99
2011,150000,Diesel,Individual,Manual,Fourth & Above Owner,23.0,1396.0,90.0,5.0,455745.24
2010,65000,Petrol,Individual,Manual,First Owner,15.64,1193.0,64.1,5.0,8851.2
2014,80000,Diesel,Individual,Manual,Second Owner,22.54,1396.0,88.73,5.0,549108.71
2015,90000,Diesel,Individual,Manual,First Owner,26.21,1248.0,88.5,5.0,647463.17
2005,140000,Petrol,Individual,Manual,Second Owner,18.9,998.0,67.1,5.0,-215410.77
2015,50000,Diesel,Individual,Manual,First Owner,19.67,1582.0,126.2,5.0,1112873.41
2016,68089,Petrol,Trustmark Dealer,Automatic,First Owner,19.16,2494.0,157.7,5.0,1907245.55
2016,56494,Petrol,Trustmark Dealer,Manual,First Owner,18.2,1199.0,88.7,5.0,457447.53
2008,80000,Diesel,Individual,Manual,Second Owner,17.2,1396.0,53.5,5.0,-158223.02
2011,80000,Petrol,Individual,Manual,First Owner,26.0,624.0,35.0,4.0,-229788.74
2006,110000,Diesel,Individual,Manual,Fourth & Above Owner,17.88,1396.0,52.8,5.0,-202507.57
2018,69779,Petrol,Dealer,Automatic,First Owner,22.0,1197.0,81.8,5.0,1280226.21
2019,8500,Diesel,Dealer,Automatic,First Owner,16.78,1995.0,190.0,5.0,2803720.06
2017,45000,Diesel,Dealer,Automatic,First Owner,19.33,1999.0,177.0,5.0,2570207.42
2017,45000,Diesel,Individual,Manual,First Owner,17.6,2179.0,153.86,7.0,1489427.24
2013,80000,Petrol,Individual,Manual,Second Owner,22.74,796.0,47.3,5.0,-116010.21
2012,158500,Diesel,Individual,Manual,Third Owner,,,,,307062.12
2013,56000,Diesel,Individual,Manual,First Owner,23.4,1248.0,74.0,5.0,396910.24
2016,50000,Petrol,Individual,Manual,First Owner,19.44,1198.0,67.0,7.0,230887.12
2017,20000,Diesel,Individual,Manual,First Owner,28.4,1248.0,74.02,5.0,624363.61
2006,50000,Petrol,Individual,Manual,Third Owner,14.0,1061.0,64.0,5.0,-152056.57
2015,35000,Petrol,Individual,Manual,Second Owner,20.4,1197.0,83.11,5.0,453625.61
2010,120000,Diesel,Individual,Manual,Second Owner,17.0,1405.0,71.0,5.0,88659.54
2014,150000,Diesel,Individual,Manual,First Owner,13.0,2982.0,168.5,7.0,1493416.22
2009,150000,Diesel,Individual,Manual,Second Owner,13.6,2523.0,63.0,7.0,-84863.96
2019,60000,Diesel,Individual,Manual,First Owner,16.36,2179.0,120.0,7.0,1098765.24
2003,40000,Petrol,Individual,Manual,First Owner,18.9,998.0,67.1,5.0,-138732.93
2019,6500,Petrol,Individual,Manual,First Owner,20.0,999.0,72.0,7.0,422850.78
2011,80000,Petrol,Individual,Manual,Second Owner,16.0,1198.0,90.0,5.0,312131.54
2010,60000,Diesel,Individual,Manual,Second Owner,14.0,2498.0,112.0,7.0,654980.33
2010,120000,Diesel,Individual,Manual,First Owner,18.8,1248.0,90.0,5.0,382628.39
2012,70000,Diesel,Individual,Manual,Second Owner,15.3,2956.0,83.8,7.0,413992.47
2011,120000,Diesel,Individual,Manual,First Owner,11.5,2982.0,171.0,7.0,1436467.16
2014,142500,Diesel,Individual,Manual,First Owner,19.5,1248.0,75.0,5.0,312300.23
2014,121000,Diesel,Individual,Manual,Third Owner,12.99,2494.0,100.6,7.0,609173.21
2013,70000,Petrol,Individual,Manual,First Owner,21.1,814.0,55.2,5.0,21910.1
2015,188000,Diesel,Individual,Manual,First Owner,16.0,2179.0,140.0,7.0,1092305.08
2010,168000,Diesel,Individual,Manual,First Owner,14.0,2498.0,112.0,7.0,598598.84
2008,120000,Petrol,Individual,Automatic,Second Owner,19.2,1197.0,80.0,5.0,545857.39
2018,25000,Petrol,Individual,Manual,First Owner,17.0,1198.0,108.5,5.0,888165.28
2012,72072,Diesel,Dealer,Manual,First Owner,21.1,1248.0,73.9,5.0,572065.43
2016,75000,Diesel,Individual,Automatic,Third Owner,16.0,2179.0,140.0,7.0,1681847.0
2015,94000,Diesel,Individual,Manual,Second Owner,24.5,1498.0,98.6,7.0,653053.48
2019,2600,Diesel,Individual,Manual,First Owner,23.0,1498.0,98.96,5.0,979187.23
2009,60000,Petrol,Individual,Manual,First Owner,19.0,998.0,67.1,5.0,41244.11
2015,120000,Diesel,Individual,Manual,First Owner,12.99,2494.0,100.6,7.0,652957.46
2019,60000,Diesel,Individual,Manual,First Owner,22.54,1396.0,88.76,5.0,780497.44
2002,80000,Petrol,Individual,Manual,Third Owner,16.1,796.0,37.0,4.0,-615683.7
2011,100000,Diesel,Individual,Manual,Second Owner,20.54,1598.0,103.6,5.0,613080.81
2015,60000,Diesel,Individual,Manual,First Owner,25.1,1498.0,98.6,5.0,813335.78
2017,35000,Diesel,Individual,Manual,First Owner,28.4,1248.0,74.02,5.0,610010.83
2010,120000,Diesel,Individual,Manual,Second Owner,17.8,1248.0,75.0,5.0,134259.44
2019,5400,Diesel,Dealer,Manual,Test Drive Car,22.27,1498.0,108.6,5.0,2803636.12
2006,100000,Petrol,Individual,Manual,Third Owner,15.3,1341.0,83.0,5.0,81659.59
2011,50000,Petrol,Individual,Manual,First Owner,17.0,1497.0,118.0,5.0,781019.11
2016,70000,Diesel,Individual,Manual,First Owner,16.0,2179.0,140.0,7.0,1238196.55
2014,120000,Diesel,Individual,Manual,First Owner,15.4,2523.0,75.0,7.0,329007.67
2018,23300,Petrol,Dealer,Automatic,First Owner,18.5,1197.0,83.14,5.0,1299029.86
2017,35000,Diesel,Individual,Manual,First Owner,15.96,2523.0,62.1,7.0,353349.55
2014,80000,Diesel,Individual,Manual,First Owner,20.45,1461.0,83.8,5.0,514488.02
2019,1303,Petrol,Dealer,Manual,First Owner,17.8,1198.0,86.7,5.0,931273.68
2012,75000,Diesel,Individual,Manual,First Owner,25.44,936.0,57.6,5.0,134645.25
2015,31000,Diesel,Individual,Manual,Second Owner,25.2,1248.0,74.0,5.0,461735.04
2011,70000,Petrol,Individual,Manual,Second Owner,14.0,796.0,35.0,5.0,-433907.15
2019,4000,Petrol,Individual,Manual,First Owner,20.3,1086.0,68.0,5.0,460007.75
2002,70000,Petrol,Individual,Manual,Second Owner,16.1,796.0,37.0,4.0,-643229.24
2010,100000,Petrol,Individual,Manual,Second Owner,15.0,1368.0,90.0,5.0,263653.03
2010,70000,Petrol,Individual,Manual,Fourth & Above Owner,20.36,1197.0,78.9,5.0,252565.99
2015,22000,Petrol,Individual,Manual,First Owner,22.74,796.0,47.3,5.0,52411.6
2012,57728,Petrol,Trustmark Dealer,Automatic,First Owner,14.53,1794.0,138.1,5.0,1416541.19
2016,30000,Diesel,Individual,Manual,Second Owner,27.3,1498.0,98.6,5.0,854827.71
2012,40000,Petrol,Individual,Manual,First Owner,20.36,1197.0,78.9,5.0,343249.46
2013,100000,Diesel,Individual,Manual,Third Owner,22.9,1248.0,74.0,5.0,338882.04
2013,70000,Petrol,Individual,Manual,First Owner,19.81,1086.0,68.05,5.0,193628.1
2004,60000,Petrol,Individual,Manual,First Owner,19.7,796.0,46.3,5.0,-396357.63
2013,79328,Diesel,Trustmark Dealer,Manual,Second Owner,12.99,2494.0,100.6,7.0,479447.55
2016,78000,Diesel,Individual,Manual,First Owner,27.39,1248.0,74.0,5.0,523344.76
2017,35000,Petrol,Individual,Manual,First Owner,17.57,1193.0,88.7,5.0,602278.13
2010,77000,Petrol,Individual,Manual,First Owner,18.9,998.0,67.1,5.0,56744.11
2009,70000,Diesel,Individual,Manual,First Owner,19.09,1396.0,69.0,5.0,149832.01
2018,31000,Petrol,Dealer,Manual,First Owner,23.01,999.0,67.0,5.0,666207.02
2009,110000,Petrol,Individual,Manual,Second Owner,15.7,1172.0,67.0,5.0,-78783.68
2010,120000,Diesel,Individual,Manual,First Owner,12.8,2494.0,102.0,7.0,503394.46
2013,87185,Diesel,Individual,Manual,Second Owner,22.32,1582.0,126.3,5.0,997866.11
2016,60000,Diesel,Dealer,Manual,Second Owner,13.68,2393.0,147.8,7.0,1543646.37
2016,40000,Petrol,Individual,Manual,First Owner,20.51,998.0,67.04,5.0,308873.16
2013,116000,Diesel,Individual,Manual,Second Owner,23.4,1248.0,74.0,5.0,292540.61
2015,170000,Diesel,Individual,Manual,First Owner,15.4,2179.0,120.0,7.0,849901.83
2017,40000,Petrol,Individual,Manual,First Owner,20.51,998.0,67.04,5.0,341856.09
2015,96500,Diesel,Individual,Manual,First Owner,20.5,1248.0,91.72,5.0,612408.98
2003,35000,Petrol,Individual,Manual,Fourth & Above Owner,16.1,796.0,37.0,4.0,-525810.0
2013,200000,Diesel,Individual,Manual,Second Owner,20.07,1461.0,75.0,8.0,93839.39
2018,15000,Petrol,Individual,Manual,First Owner,21.21,1197.0,81.8,5.0,611995.77
2011,70000,Petrol,Individual,Manual,First Owner,18.5,1197.0,80.0,5.0,272812.98
2010,120600,Petrol,Individual,Manual,Second Owner,18.9,998.0,67.1,5.0,-31933.15
2013,56429,Diesel,Dealer,Manual,Second Owner,19.01,1461.0,108.45,5.0,1003334.4
2018,19100,Petrol,Individual,Manual,First Owner,19.0,1194.0,94.68,5.0,743409.3
2013,170000,Diesel,Individual,Manual,First Owner,20.45,1461.0,83.8,5.0,395388.41
2011,10000,Petrol,Individual,Manual,Third Owner,26.0,624.0,35.0,4.0,-172653.56
2008,60000,Diesel,Individual,Automatic,Third Owner,11.0,2993.0,235.0,5.0,2719245.94
2018,22000,Diesel,Dealer,Automatic,First Owner,18.0,1969.0,190.0,5.0,2770242.96
2015,30000,Petrol,Individual,Manual,Second Owner,18.9,1197.0,81.86,5.0,424392.59
2013,70000,Diesel,Individual,Manual,Third Owner,22.32,1582.0,126.32,5.0,1051676.0
2015,60000,Diesel,Individual,Manual,First Owner,22.95,1248.0,74.0,5.0,453574.67
2012,80000,Diesel,Individual,Manual,Second Owner,19.3,1248.0,73.9,5.0,242868.15
2012,135000,Diesel,Individual,Manual,First Owner,21.9,1396.0,88.76,5.0,470067.69
2016,25000,Petrol,Individual,Manual,First Owner,17.19,1197.0,81.86,5.0,488316.97
2012,90000,Diesel,Individual,Manual,Fourth & Above Owner,21.43,1364.0,87.2,5.0,488739.84
2016,30000,Diesel,Individual,Manual,First Owner,18.49,1493.0,100.0,7.0,738322.73
2014,50000,Petrol,Individual,Manual,First Owner,23.1,998.0,67.04,5.0,264844.88
2019,20000,Petrol,Individual,Manual,Second Owner,20.3,1086.0,68.0,5.0,397739.6
2011,157000,Diesel,Individual,Manual,Second Owner,22.32,1582.0,126.3,5.0,865097.62
2011,93468,Diesel,Individual,Automatic,Second Owner,11.4,2953.0,153.86,7.0,1653017.25
2011,140000,Diesel,Individual,Manual,Second Owner,13.5,2179.0,115.0,5.0,687014.66
2013,200000,Diesel,Individual,Automatic,First Owner,11.18,2696.0,184.0,7.0,2017693.26
2018,50000,Diesel,Individual,Automatic,First Owner,11.2,1969.0,235.0,5.0,2975713.35
2012,178000,Diesel,Individual,Manual,Second Owner,22.3,1248.0,74.0,5.0,186851.87
2010,120000,Petrol,Individual,Manual,First Owner,20.36,1197.0,78.9,5.0,200735.43
2015,155000,Diesel,Individual,Automatic,First Owner,14.81,1998.0,163.7,5.0,1923356.48
2007,90000,Diesel,Individual,Manual,Fourth & Above Owner,16.8,1493.0,110.0,5.0,567151.14
2009,80000,Petrol,Individual,Manual,First Owner,16.6,1197.0,85.0,5.0,237247.96
2019,3500,Petrol,Individual,Manual,First Owner,18.6,1197.0,81.86,5.0,624990.08
2014,51000,Diesel,Individual,Automatic,First Owner,14.74,2993.0,270.9,5.0,3434023.54
2015,91500,Diesel,Individual,Manual,Second Owner,24.0,1120.0,70.0,5.0,326881.51
2018,22000,Petrol,Individual,Manual,First Owner,24.7,796.0,47.3,5.0,175202.88
2015,22500,Petrol,Individual,Manual,First Owner,20.51,998.0,67.04,5.0,292635.13
2020,5000,Petrol,Individual,Manual,First Owner,18.6,1197.0,81.86,5.0,656537.74
2013,100000,Diesel,Individual,Manual,Third Owner,22.9,1248.0,74.0,5.0,338882.04
2005,190000,Petrol,Individual,Automatic,Second Owner,,,,,411119.98
2015,63000,Diesel,Individual,Manual,First Owner,22.77,1498.0,98.59,5.0,781995.72
2016,27500,Petrol,Individual,Manual,First Owner,25.17,799.0,53.3,5.0,185668.94
2018,2000,Diesel,Dealer,Automatic,First Owner,16.8,1984.0,150.0,5.0,2271521.48
2017,50000,Diesel,Individual,Manual,Second Owner,15.4,1997.0,120.0,7.0,966809.71
2016,40000,Petrol,Individual,Manual,First Owner,18.6,1197.0,81.83,5.0,490737.68
2015,80000,Diesel,Individual,Manual,Second Owner,15.4,2179.0,120.0,7.0,889059.99
2010,80000,Petrol,Individual,Manual,Second Owner,14.0,1595.0,102.0,5.0,443127.91
2012,73000,Diesel,Individual,Manual,First Owner,20.77,1248.0,88.76,7.0,428393.98
2014,15000,Petrol,Individual,Manual,Second Owner,22.74,796.0,47.3,5.0,-20831.89
2011,25000,Petrol,Individual,Manual,Second Owner,16.95,1498.0,97.7,5.0,501353.85
2011,60000,Petrol,Individual,Manual,First Owner,18.9,998.0,67.1,5.0,105993.53
2016,85000,Diesel,Individual,Automatic,Second Owner,12.62,2198.0,158.0,7.0,1822909.96
2016,110000,Diesel,Individual,Manual,Second Owner,18.2,1248.0,73.74,7.0,257202.63
2014,160000,Diesel,Individual,Manual,First Owner,14.95,2489.0,93.7,7.0,518024.92
2010,20000,Petrol,Individual,Manual,First Owner,19.7,796.0,46.3,5.0,-160185.93
2012,110000,Diesel,Individual,Manual,First Owner,25.44,936.0,57.6,5.0,101155.44
2016,90000,Diesel,Individual,Manual,First Owner,24.3,1248.0,88.5,5.0,657211.87
2014,80000,Diesel,Individual,Manual,Second Owner,22.32,1582.0,126.32,5.0,1037976.36
2014,40000,Petrol,Individual,Manual,Second Owner,22.74,796.0,47.3,5.0,-44753.19
2010,50000,Petrol,Individual,Manual,Second Owner,18.5,1197.0,80.0,5.0,212008.56
2011,298000,Diesel,Individual,Manual,Second Owner,13.1,2499.0,141.0,7.0,815252.82
2019,20000,Petrol,Dealer,Automatic,First Owner,22.37,2487.0,214.56,5.0,3160233.13
2017,16200,Diesel,Individual,Manual,First Owner,24.3,1248.0,88.5,5.0,760810.48
2015,57000,Diesel,Dealer,Manual,First Owner,23.65,1248.0,88.5,5.0,900654.8
2017,75000,Diesel,Individual,Manual,First Owner,24.3,1248.0,88.5,5.0,704547.58
2015,30000,Petrol,Individual,Manual,First Owner,20.4,1197.0,81.8,5.0,488840.91
2011,120000,Diesel,Individual,Manual,Second Owner,12.8,2494.0,102.0,8.0,452672.83
2016,40000,Petrol,Individual,Automatic,First Owner,10.75,2694.0,163.7,7.0,1952123.04
2018,2388,Petrol,Individual,Manual,First Owner,18.6,1197.0,81.83,5.0,592692.67
2017,25000,Diesel,Individual,Manual,First Owner,19.67,1582.0,126.2,5.0,1202760.59
2011,100000,Diesel,Individual,Manual,Second Owner,20.54,1598.0,103.6,5.0,613080.81
2017,35000,Petrol,Individual,Manual,First Owner,20.51,998.0,67.04,5.0,346640.35
2004,40000,Diesel,Individual,Manual,Second Owner,16.8,1405.0,62.0,5.0,-148670.37
2018,10000,Petrol,Individual,Manual,First Owner,25.17,799.0,53.3,5.0,268379.72
2011,89000,Diesel,Individual,Manual,Second Owner,21.1,1248.0,73.9,5.0,223169.69
2017,40000,Diesel,Individual,Manual,Second Owner,18.2,1248.0,73.74,7.0,357165.21
2017,40000,Diesel,Individual,Manual,First Owner,25.0,1396.0,69.0,5.0,514293.4
2018,35000,Diesel,Individual,Automatic,First Owner,10.91,3198.0,197.0,7.0,2547891.37
2016,70000,Petrol,Individual,Manual,First Owner,18.9,1197.0,82.0,5.0,467826.27
2010,151000,Diesel,Individual,Manual,Second Owner,11.5,2982.0,171.0,7.0,1326863.29
2017,37000,Diesel,Dealer,Automatic,First Owner,13.5,2987.0,254.79,5.0,3580233.0
2011,47000,Petrol,Individual,Manual,First Owner,18.5,1197.0,85.8,5.0,367995.66
2019,8500,Diesel,Dealer,Automatic,First Owner,16.78,1995.0,190.0,5.0,2803720.06
2018,30000,Petrol,Individual,Automatic,First Owner,23.1,998.0,67.04,5.0,874192.83
2012,35000,Petrol,Individual,Manual,First Owner,18.9,998.0,67.1,5.0,162897.77
2015,80000,Diesel,Individual,Manual,Second Owner,26.0,1498.0,98.6,5.0,758188.3
2017,5000,Petrol,Individual,Manual,First Owner,25.17,799.0,53.3,5.0,240181.04
2006,100000,Petrol,Individual,Manual,Second Owner,,,,,71940.42
2016,120000,Petrol,Individual,Manual,Second Owner,16.2,1199.0,74.0,5.0,239435.74
2017,30000,Petrol,Individual,Manual,First Owner,20.4,1197.0,81.8,5.0,554806.79
2010,70000,Petrol,Individual,Manual,Second Owner,16.1,796.0,37.0,4.0,-379365.74
2015,39414,Petrol,Dealer,Manual,First Owner,18.9,1197.0,81.86,5.0,715100.0
2014,50000,Diesel,Individual,Manual,Second Owner,21.79,1248.0,88.73,5.0,554930.36
2019,15000,Petrol,Individual,Manual,First Owner,23.95,998.0,67.05,5.0,473715.39
2013,90000,Diesel,Individual,Manual,Second Owner,20.77,1248.0,88.76,7.0,398151.92
2016,68089,Petrol,Trustmark Dealer,Automatic,First Owner,19.16,2494.0,157.7,5.0,1907245.55
2016,50000,Diesel,Individual,Automatic,Second Owner,26.59,1248.0,74.0,5.0,951725.64
2015,120000,Diesel,Individual,Manual,First Owner,24.2,1498.0,98.6,7.0,671484.49
2013,27000,Petrol,Individual,Manual,First Owner,20.92,998.0,67.1,5.0,228107.86
2005,55425,Petrol,Individual,Manual,Second Owner,16.1,796.0,37.0,4.0,-530334.31
2007,120000,Petrol,Individual,Manual,Third Owner,17.7,1497.0,78.0,5.0,76122.7
2019,15000,Petrol,Individual,Manual,First Owner,25.17,799.0,53.3,5.0,296578.4
2010,50000,Petrol,Individual,Manual,First Owner,18.0,995.0,62.0,5.0,7008.5
2016,30000,Petrol,Individual,Manual,Second Owner,18.9,1197.0,82.0,5.0,459141.82
2017,70000,Diesel,Individual,Manual,First Owner,17.6,2179.0,153.86,7.0,1465505.94
1999,140000,Petrol,Individual,Manual,Third Owner,,,,,-160100.15
2017,31000,Diesel,Dealer,Automatic,First Owner,21.66,1498.0,103.52,5.0,1638312.92
2018,70000,Diesel,Individual,Manual,First Owner,25.1,1248.0,88.5,5.0,752046.4
2014,60000,Petrol,Individual,Manual,Second Owner,22.74,796.0,47.3,5.0,-63890.23
2019,15000,Diesel,Individual,Manual,First Owner,22.1,1396.0,88.7,5.0,817446.41
2009,150000,Diesel,Individual,Manual,First Owner,13.93,2179.0,138.0,7.0,880354.48
2011,35000,Petrol,Individual,Manual,Second Owner,20.92,998.0,67.1,5.0,107528.65
2011,110000,Petrol,Individual,Manual,Third Owner,16.8,1497.0,116.4,5.0,691144.4
2018,40000,Diesel,Individual,Automatic,First Owner,16.25,1968.0,148.0,7.0,1875501.4
2009,70000,Petrol,Individual,Manual,Second Owner,19.7,796.0,46.3,5.0,-287969.98
2017,35000,Diesel,Individual,Manual,First Owner,20.65,1248.0,88.7,5.0,700944.42
2009,90000,Petrol,Individual,Manual,Third Owner,17.5,1298.0,85.8,5.0,248266.79
2017,50000,Diesel,Individual,Manual,First Owner,24.52,1248.0,88.5,7.0,657652.97
2016,25000,Diesel,Individual,Manual,First Owner,16.0,2179.0,140.0,7.0,1281254.88
2013,82246,Petrol,Dealer,Manual,First Owner,20.36,1197.0,78.9,5.0,588565.93
2005,200000,Diesel,Individual,Manual,Second Owner,12.8,2494.0,102.0,8.0,178227.05
2015,90000,Diesel,Individual,Manual,First Owner,15.4,2179.0,120.0,7.0,926449.99
2017,50000,Diesel,Individual,Automatic,First Owner,15.04,2755.0,174.5,7.0,2225737.73
2018,120000,Petrol,Individual,Manual,First Owner,20.3,998.0,68.05,5.0,308478.88
2014,90000,Diesel,Individual,Manual,First Owner,23.4,1248.0,74.0,5.0,397360.21
2006,60000,Petrol,Individual,Manual,Third Owner,11.9,2354.0,144.0,5.0,942359.39
2018,40000,Petrol,Individual,Manual,First Owner,20.14,1197.0,81.86,5.0,575815.41
2001,80000,Petrol,Individual,Manual,Second Owner,,,,,-73837.23
2012,108000,Diesel,Individual,Manual,First Owner,19.3,1248.0,73.9,5.0,263034.81
2011,80000,Diesel,Individual,Manual,First Owner,13.6,2523.0,63.0,7.0,95040.07
2012,70000,Diesel,Individual,Manual,First Owner,23.2,1248.0,73.94,5.0,347341.49
2006,140000,Petrol,Individual,Manual,Third Owner,17.7,1497.0,78.0,5.0,24002.72
2013,60000,Diesel,Individual,Manual,Second Owner,21.27,1396.0,88.76,5.0,520192.35
2013,60000,Diesel,Individual,Manual,Second Owner,25.0,1396.0,69.01,5.0,316392.26
2014,50000,Petrol,Individual,Manual,First Owner,22.74,796.0,47.3,5.0,-7363.19
2008,90000,Petrol,Individual,Manual,Second Owner,18.9,998.0,67.1,5.0,-68619.36
2007,70000,Petrol,Individual,Manual,Second Owner,19.7,796.0,46.3,5.0,-353935.86
2012,26000,Petrol,Individual,Manual,First Owner,19.4,1198.0,86.8,5.0,444729.93
2006,150000,Petrol,Individual,Manual,Second Owner,19.7,796.0,46.3,5.0,-463466.95
1999,100000,Petrol,Individual,Manual,First Owner,16.1,796.0,37.0,4.0,-723925.09
2010,143000,Petrol,Individual,Manual,First Owner,17.5,1298.0,85.8,5.0,240381.03
2008,100000,Petrol,Individual,Manual,Second Owner,19.81,1086.0,68.05,5.0,-46950.66
2017,50000,Petrol,Individual,Manual,Second Owner,18.6,1197.0,81.83,5.0,467193.58
2009,40000,Diesel,Individual,Manual,First Owner,23.0,1396.0,90.0,5.0,491045.12
2012,25000,Petrol,Individual,Manual,First Owner,20.36,1197.0,78.9,5.0,357602.24
2016,110000,Diesel,Individual,Manual,First Owner,26.0,1498.0,98.6,5.0,809424.2
